model_timestamp,boreid,obsval,obsnme,obgnme,weight
8840,61718118,217.945185546875,61718118_8840,head,1.0
9020,61718118,217.848935546875,61718118_9020,head,1.0
9264,61718118,217.892935546875,61718118_9264,head,1.0
9839,61718118,218.003935546875,61718118_9839,head,1.0
10202,61718118,218.123935546875,61718118_10202,head,1.0
10323,61718118,218.218935546875,61718118_10323,head,1.0
10565,61718118,218.228935546875,61718118_10565,head,1.0
10656,61718118,218.238935546875,61718118_10656,head,1.0
10898,61718118,218.2956022135417,61718118_10898,head,1.0
11020,61718118,218.328935546875,61718118_11020,head,1.0
11261,61718118,218.3656022135417,61718118_11261,head,1.0
11383,61718118,218.408935546875,61718118_11383,head,1.0
11655,61718118,218.498935546875,61718118_11655,head,1.0
11776,61718118,218.548935546875,61718118_11776,head,1.0
12018,61718118,218.568935546875,61718118_12018,head,1.0
12139,61718118,218.783935546875,61718118_12139,head,1.0
12290,61718118,218.783935546875,61718118_12290,head,1.0
12442,61718118,218.833935546875,61718118_12442,head,1.0
12775,61718118,218.9672688802083,61718118_12775,head,1.0
12836,61718118,219.078935546875,61718118_12836,head,1.0
13077,61718118,219.151435546875,61718118_13077,head,1.0
13199,61718118,219.348935546875,61718118_13199,head,1.0
13471,61718118,219.436935546875,61718118_13471,head,1.0
13562,61718118,219.548935546875,61718118_13562,head,1.0
13774,61718118,219.656935546875,61718118_13774,head,1.0
13926,61718118,219.801435546875,61718118_13926,head,1.0
14167,61718118,220.098935546875,61718118_14167,head,1.0
14410,61718118,220.203935546875,61718118_14410,head,1.0
14713,61718118,220.483935546875,61718118_14713,head,1.0
14924,61718118,220.718935546875,61718118_14924,head,1.0
15227,61718118,220.903935546875,61718118_15227,head,1.0
15409,61718118,221.048935546875,61718118_15409,head,1.0
15620,61718118,221.143935546875,61718118_15620,head,1.0
15742,61718118,221.378935546875,61718118_15742,head,1.0
15983,61718118,221.458935546875,61718118_15983,head,1.0
16105,61718118,221.673935546875,61718118_16105,head,1.0
16741,61718118,221.968935546875,61718118_16741,head,1.0
16862,61718118,222.168935546875,61718118_16862,head,1.0
17043,61718118,222.318935546875,61718118_17043,head,1.0
17225,61718118,222.498935546875,61718118_17225,head,1.0
17436,61718118,222.758935546875,61718118_17436,head,1.0
17527,61718118,222.998935546875,61718118_17527,head,1.0
17738,61718118,223.078935546875,61718118_17738,head,1.0
18102,61718118,223.638935546875,61718118_18102,head,1.0
18526,61718118,224.208935546875,61718118_18526,head,1.0
19768,61718118,225.038935546875,61718118_19768,head,1.0
19979,61718118,225.118935546875,61718118_19979,head,1.0
20131,61718118,225.223935546875,61718118_20131,head,1.0
20768,61718118,225.538935546875,61718118_20768,head,1.0
21102,61718118,225.678935546875,61718118_21102,head,1.0
21434,61718118,225.788935546875,61718118_21434,head,1.0
21919,61718118,225.928935546875,61718118_21919,head,1.0
22160,61718118,226.068935546875,61718118_22160,head,1.0
22555,61718118,226.098935546875,61718118_22555,head,1.0
22676,61718118,226.208935546875,61718118_22676,head,1.0
23039,61718118,226.343935546875,61718118_23039,head,1.0
23402,61718118,226.628935546875,61718118_23402,head,1.0
23644,61718118,226.956435546875,61718118_23644,head,1.0
23947,61718118,227.163935546875,61718118_23947,head,1.0
24099,61718118,227.228935546875,61718118_24099,head,1.0
24401,61718118,227.343935546875,61718118_24401,head,1.0
24703,61718118,227.533935546875,61718118_24703,head,1.0
25097,61718118,227.713935546875,61718118_25097,head,1.0
25461,61718118,227.906435546875,61718118_25461,head,1.0
25704,61718118,228.188935546875,61718118_25704,head,1.0
25976,61718118,228.193935546875,61718118_25976,head,1.0
26217,61718118,228.418935546875,61718118_26217,head,1.0
26550,61718118,228.858935546875,61718118_26550,head,1.0
26914,61718118,229.128935546875,61718118_26914,head,1.0
27246,61718118,229.284935546875,61718118_27246,head,1.0
8657,61718120,219.0913374837239,61718120_8657,head,1.0
8840,61718120,219.3256964580829,61718120_8840,head,1.0
9020,61718120,219.5580041503906,61718120_9020,head,1.0
9264,61718120,219.5520041503906,61718120_9264,head,1.0
9839,61718120,219.6030041503906,61718120_9839,head,1.0
10202,61718120,220.2130041503906,61718120_10202,head,1.0
10565,61718120,219.7946708170573,61718120_10565,head,1.0
10656,61718120,219.7980041503906,61718120_10656,head,1.0
10898,61718120,219.8113374837239,61718120_10898,head,1.0
11020,61718120,219.8780041503906,61718120_11020,head,1.0
11261,61718120,219.8746708170573,61718120_11261,head,1.0
11383,61718120,219.9480041503906,61718120_11383,head,1.0
11655,61718120,219.9913374837239,61718120_11655,head,1.0
11776,61718120,220.0380041503906,61718120_11776,head,1.0
12018,61718120,220.0280041503906,61718120_12018,head,1.0
12139,61718120,220.2030041503906,61718120_12139,head,1.0
12290,61718120,220.1430041503906,61718120_12290,head,1.0
12442,61718120,220.4780041503906,61718120_12442,head,1.0
12775,61718120,220.3396708170573,61718120_12775,head,1.0
12836,61718120,220.4680041503906,61718120_12836,head,1.0
13077,61718120,220.4855041503906,61718120_13077,head,1.0
13199,61718120,220.6496708170572,61718120_13199,head,1.0
13471,61718120,220.6505041503906,61718120_13471,head,1.0
13562,61718120,220.8030041503906,61718120_13562,head,1.0
13774,61718120,220.8860041503906,61718120_13774,head,1.0
13926,61718120,221.0180041503906,61718120_13926,head,1.0
14167,61718120,221.2630041503906,61718120_14167,head,1.0
14410,61718120,221.3480041503906,61718120_14410,head,1.0
14713,61718120,221.6013374837239,61718120_14713,head,1.0
14924,61718120,221.8880041503906,61718120_14924,head,1.0
15227,61718120,222.0455041503906,61718120_15227,head,1.0
15409,61718120,222.1880041503906,61718120_15409,head,1.0
15620,61718120,222.2705041503906,61718120_15620,head,1.0
15742,61718120,222.4780041503906,61718120_15742,head,1.0
15983,61718120,222.5380041503906,61718120_15983,head,1.0
16105,61718120,222.7280041503906,61718120_16105,head,1.0
16741,61718120,223.0280041503906,61718120_16741,head,1.0
16862,61718120,223.2080041503906,61718120_16862,head,1.0
17043,61718120,223.3380041503906,61718120_17043,head,1.0
17225,61718120,223.5180041503906,61718120_17225,head,1.0
17436,61718120,223.7380041503906,61718120_17436,head,1.0
17527,61718120,223.9880041503906,61718120_17527,head,1.0
17738,61718120,224.0680041503906,61718120_17738,head,1.0
18102,61718120,224.5480041503906,61718120_18102,head,1.0
18526,61718120,225.0630041503906,61718120_18526,head,1.0
19768,61718120,225.8180041503906,61718120_19768,head,1.0
19979,61718120,225.8680041503906,61718120_19979,head,1.0
20131,61718120,225.9980041503906,61718120_20131,head,1.0
20768,61718120,226.3530041503906,61718120_20768,head,1.0
21102,61718120,226.5530041503906,61718120_21102,head,1.0
21434,61718120,226.6980041503906,61718120_21434,head,1.0
21919,61718120,226.9080041503906,61718120_21919,head,1.0
22160,61718120,225.8730041503906,61718120_22160,head,1.0
22555,61718120,225.7150041503906,61718120_22555,head,1.0
22676,61718120,226.2680041503906,61718120_22676,head,1.0
23039,61718120,226.7330041503906,61718120_23039,head,1.0
23402,61718120,227.6880041503906,61718120_23402,head,1.0
23644,61718120,227.9280041503906,61718120_23644,head,1.0
23947,61718120,228.1480041503906,61718120_23947,head,1.0
24099,61718120,227.8780041503906,61718120_24099,head,1.0
24401,61718120,227.5380041503906,61718120_24401,head,1.0
24703,61718120,226.5230041503906,61718120_24703,head,1.0
25097,61718120,226.9230041503906,61718120_25097,head,1.0
25461,61718120,226.7380041503906,61718120_25461,head,1.0
25704,61718120,227.0080041503906,61718120_25704,head,1.0
25976,61718120,227.1330041503906,61718120_25976,head,1.0
26217,61718120,227.2680041503906,61718120_26217,head,1.0
26550,61718120,227.7630041503906,61718120_26550,head,1.0
26914,61718120,228.1730041503906,61718120_26914,head,1.0
27246,61718120,226.5680041503906,61718120_27246,head,1.0
8657,61718121,223.43369140625,61718121_8657,head,1.0
8840,61718121,222.0653580729167,61718121_8840,head,1.0
9020,61718121,221.91869140625,61718121_9020,head,1.0
9264,61718121,221.93669140625,61718121_9264,head,1.0
9839,61718121,221.95369140625,61718121_9839,head,1.0
10202,61718121,222.01369140625,61718121_10202,head,1.0
10323,61718121,222.03869140625,61718121_10323,head,1.0
10565,61718121,221.8420247395833,61718121_10565,head,1.0
10656,61718121,222.12869140625,61718121_10656,head,1.0
10898,61718121,221.31869140625,61718121_10898,head,1.0
11020,61718121,222.07869140625,61718121_11020,head,1.0
11261,61718121,222.1420247395833,61718121_11261,head,1.0
11383,61718121,220.70869140625,61718121_11383,head,1.0
11655,61718121,222.17869140625,61718121_11655,head,1.0
11776,61718121,222.21869140625,61718121_11776,head,1.0
12018,61718121,222.22869140625,61718121_12018,head,1.0
12139,61718121,222.33869140625,61718121_12139,head,1.0
12290,61718121,222.32369140625,61718121_12290,head,1.0
12442,61718121,222.34869140625,61718121_12442,head,1.0
12775,61718121,222.43669140625,61718121_12775,head,1.0
12836,61718121,222.25869140625,61718121_12836,head,1.0
13077,61718121,222.49369140625,61718121_13077,head,1.0
13199,61718121,222.6320247395833,61718121_13199,head,1.0
13471,61718121,222.64119140625,61718121_13471,head,1.0
13562,61718121,222.64869140625,61718121_13562,head,1.0
13774,61718121,222.79469140625,61718121_13774,head,1.0
13926,61718121,222.82869140625,61718121_13926,head,1.0
14167,61718121,223.08869140625,61718121_14167,head,1.0
14410,61718121,223.11869140625,61718121_14410,head,1.0
14713,61718121,222.61369140625,61718121_14713,head,1.0
14924,61718121,223.54869140625,61718121_14924,head,1.0
15227,61718121,223.64869140625,61718121_15227,head,1.0
15409,61718121,223.79869140625,61718121_15409,head,1.0
15620,61718121,223.81619140625,61718121_15620,head,1.0
15742,61718121,223.95869140625,61718121_15742,head,1.0
15983,61718121,224.03869140625,61718121_15983,head,1.0
16105,61718121,224.20869140625,61718121_16105,head,1.0
16741,61718121,224.43869140625,61718121_16741,head,1.0
16862,61718121,224.49869140625,61718121_16862,head,1.0
17043,61718121,224.66369140625,61718121_17043,head,1.0
17225,61718121,224.78869140625,61718121_17225,head,1.0
17436,61718121,225.00869140625,61718121_17436,head,1.0
17527,61718121,225.14869140625,61718121_17527,head,1.0
17738,61718121,225.23869140625,61718121_17738,head,1.0
18102,61718121,225.64869140625,61718121_18102,head,1.0
18526,61718121,226.09869140625,61718121_18526,head,1.0
19768,61718121,226.63869140625,61718121_19768,head,1.0
19979,61718121,226.77869140625,61718121_19979,head,1.0
20131,61718121,226.92869140625,61718121_20131,head,1.0
20768,61718121,227.33369140625,61718121_20768,head,1.0
21102,61718121,227.60869140625,61718121_21102,head,1.0
21434,61718121,227.83869140625,61718121_21434,head,1.0
21919,61718121,228.08869140625,61718121_21919,head,1.0
22160,61718121,228.28369140625,61718121_22160,head,1.0
22555,61718121,228.37119140625,61718121_22555,head,1.0
22676,61718121,228.43869140625,61718121_22676,head,1.0
23039,61718121,228.52369140625,61718121_23039,head,1.0
23402,61718121,228.73869140625,61718121_23402,head,1.0
23644,61718121,228.68119140625,61718121_23644,head,1.0
23947,61718121,229.24369140625,61718121_23947,head,1.0
24099,61718121,229.25869140625,61718121_24099,head,1.0
24401,61718121,229.44869140625,61718121_24401,head,1.0
24703,61718121,229.70869140625,61718121_24703,head,1.0
25097,61718121,229.88369140625,61718121_25097,head,1.0
25461,61718121,230.05869140625,61718121_25461,head,1.0
25704,61718121,230.12869140625,61718121_25704,head,1.0
25976,61718121,230.32369140625,61718121_25976,head,1.0
26217,61718121,230.41869140625,61718121_26217,head,1.0
26550,61718121,230.75869140625,61718121_26550,head,1.0
26914,61718121,231.09869140625,61718121_26914,head,1.0
27246,61718121,231.36469140625,61718121_27246,head,1.0
8657,61718124,220.9676777787642,61718124_8657,head,1.0
8840,61718124,220.9964656575521,61718124_8840,head,1.0
9020,61718124,221.4731323242188,61718124_9020,head,1.0
9264,61718124,221.5451323242188,61718124_9264,head,1.0
9839,61718124,220.7331323242188,61718124_9839,head,1.0
10202,61718124,221.8051323242188,61718124_10202,head,1.0
10323,61718124,221.8441323242188,61718124_10323,head,1.0
10565,61718124,221.8251323242188,61718124_10565,head,1.0
10656,61718124,221.9211323242188,61718124_10656,head,1.0
10898,61718124,221.8076323242188,61718124_10898,head,1.0
11020,61718124,221.8631323242188,61718124_11020,head,1.0
11261,61718124,221.9231323242188,61718124_11261,head,1.0
11383,61718124,221.8931323242188,61718124_11383,head,1.0
11655,61718124,221.9464656575522,61718124_11655,head,1.0
11776,61718124,221.9931323242188,61718124_11776,head,1.0
12018,61718124,221.9931323242188,61718124_12018,head,1.0
12139,61718124,222.0581323242188,61718124_12139,head,1.0
12290,61718124,222.0731323242188,61718124_12290,head,1.0
12442,61718124,222.0781323242188,61718124_12442,head,1.0
12775,61718124,222.4081323242188,61718124_12775,head,1.0
13077,61718124,221.9097989908854,61718124_13077,head,1.0
13199,61718124,222.3581323242188,61718124_13199,head,1.0
13471,61718124,222.4497989908855,61718124_13471,head,1.0
13562,61718124,222.3831323242188,61718124_13562,head,1.0
13774,61718124,222.8531323242188,61718124_13774,head,1.0
13926,61718124,222.6731323242188,61718124_13926,head,1.0
14167,61718124,222.8331323242188,61718124_14167,head,1.0
14410,61718124,222.8531323242188,61718124_14410,head,1.0
14713,61718124,223.1064656575521,61718124_14713,head,1.0
14924,61718124,223.5331323242188,61718124_14924,head,1.0
15227,61718124,223.6231323242188,61718124_15227,head,1.0
15409,61718124,223.7331323242188,61718124_15409,head,1.0
15620,61718124,223.7706323242188,61718124_15620,head,1.0
15742,61718124,223.8631323242188,61718124_15742,head,1.0
15983,61718124,223.9331323242188,61718124_15983,head,1.0
16105,61718124,224.0531323242188,61718124_16105,head,1.0
16741,61718124,224.2731323242188,61718124_16741,head,1.0
16862,61718124,224.3231323242188,61718124_16862,head,1.0
17043,61718124,224.4931323242188,61718124_17043,head,1.0
17225,61718124,224.6131323242188,61718124_17225,head,1.0
17436,61718124,224.8031323242188,61718124_17436,head,1.0
17527,61718124,224.9431323242188,61718124_17527,head,1.0
17738,61718124,225.0231323242188,61718124_17738,head,1.0
18102,61718124,225.3231323242188,61718124_18102,head,1.0
18526,61718124,225.6631323242188,61718124_18526,head,1.0
19768,61718124,225.4531323242188,61718124_19768,head,1.0
19979,61718124,225.5231323242188,61718124_19979,head,1.0
20131,61718124,225.6331323242188,61718124_20131,head,1.0
20768,61718124,225.9931323242188,61718124_20768,head,1.0
21102,61718124,226.2431323242188,61718124_21102,head,1.0
21434,61718124,226.4631323242188,61718124_21434,head,1.0
21919,61718124,226.6831323242188,61718124_21919,head,1.0
22160,61718124,226.9381323242188,61718124_22160,head,1.0
22555,61718124,227.1381323242188,61718124_22555,head,1.0
22676,61718124,227.2331323242188,61718124_22676,head,1.0
23039,61718124,227.3481323242188,61718124_23039,head,1.0
23402,61718124,227.5031323242188,61718124_23402,head,1.0
23644,61718124,227.7031323242188,61718124_23644,head,1.0
23947,61718124,227.9181323242188,61718124_23947,head,1.0
24099,61718124,227.8531323242188,61718124_24099,head,1.0
24401,61718124,228.0306323242188,61718124_24401,head,1.0
24703,61718124,228.2506323242188,61718124_24703,head,1.0
25097,61718124,228.4031323242188,61718124_25097,head,1.0
25461,61718124,228.5281323242188,61718124_25461,head,1.0
25704,61718124,228.4631323242188,61718124_25704,head,1.0
25976,61718124,228.8031323242188,61718124_25976,head,1.0
26217,61718124,228.8431323242188,61718124_26217,head,1.0
26550,61718124,228.9881323242188,61718124_26550,head,1.0
26914,61718124,229.1381323242188,61718124_26914,head,1.0
27246,61718124,229.3011323242188,61718124_27246,head,1.0
8507,61718126,220.0364990234375,61718126_8507,head,1.0
8657,61718126,220.7248323567709,61718126_8657,head,1.0
8840,61718126,220.9657717507102,61718126_8840,head,1.0
9020,61718126,221.1364990234375,61718126_9020,head,1.0
9264,61718126,221.3924990234375,61718126_9264,head,1.0
9537,61718126,221.5779990234375,61718126_9537,head,1.0
9628,61718126,221.5464990234375,61718126_9628,head,1.0
9839,61718126,221.6844990234375,61718126_9839,head,1.0
9930,61718126,221.7134990234375,61718126_9930,head,1.0
10202,61718126,221.7067490234375,61718126_10202,head,1.0
10323,61718126,221.6707490234375,61718126_10323,head,1.0
10565,61718126,221.6770704520089,61718126_10565,head,1.0
10656,61718126,221.7221656901042,61718126_10656,head,1.0
10898,61718126,221.7178740234375,61718126_10898,head,1.0
11020,61718126,221.6752490234375,61718126_11020,head,1.0
11261,61718126,221.6961240234375,61718126_11261,head,1.0
11383,61718126,221.7014990234375,61718126_11383,head,1.0
11655,61718126,221.7344990234375,61718126_11655,head,1.0
11776,61718126,221.7677490234375,61718126_11776,head,1.0
12018,61718126,221.8204990234375,61718126_12018,head,1.0
12139,61718126,221.8677490234375,61718126_12139,head,1.0
12290,61718126,221.9164990234375,61718126_12290,head,1.0
12442,61718126,221.9864990234375,61718126_12442,head,1.0
12775,61718126,222.2731656901042,61718126_12775,head,1.0
13077,61718126,221.6931656901042,61718126_13077,head,1.0
13199,61718126,221.6864990234375,61718126_13199,head,1.0
13471,61718126,222.7731656901042,61718126_13471,head,1.0
13562,61718126,222.7864990234375,61718126_13562,head,1.0
13774,61718126,222.9431656901042,61718126_13774,head,1.0
13926,61718126,222.9564990234375,61718126_13926,head,1.0
14167,61718126,223.2014990234375,61718126_14167,head,1.0
14410,61718126,223.2664990234375,61718126_14410,head,1.0
14713,61718126,223.4739990234375,61718126_14713,head,1.0
14924,61718126,223.6164990234375,61718126_14924,head,1.0
15227,61718126,223.6514990234375,61718126_15227,head,1.0
15409,61718126,223.7614990234375,61718126_15409,head,1.0
15620,61718126,223.8614990234375,61718126_15620,head,1.0
15742,61718126,224.0464990234375,61718126_15742,head,1.0
15983,61718126,224.2064990234375,61718126_15983,head,1.0
16105,61718126,224.3964990234375,61718126_16105,head,1.0
16741,61718126,224.6164990234375,61718126_16741,head,1.0
16862,61718126,224.7064990234375,61718126_16862,head,1.0
17043,61718126,224.8964990234375,61718126_17043,head,1.0
17225,61718126,225.0764990234375,61718126_17225,head,1.0
17436,61718126,225.3664990234375,61718126_17436,head,1.0
17527,61718126,225.5014990234375,61718126_17527,head,1.0
17738,61718126,225.5664990234375,61718126_17738,head,1.0
18102,61718126,226.0264990234375,61718126_18102,head,1.0
18526,61718126,226.6664990234375,61718126_18526,head,1.0
18920,61718126,226.5764990234375,61718126_18920,head,1.0
19011,61718126,226.7164990234375,61718126_19011,head,1.0
19252,61718126,226.9064990234375,61718126_19252,head,1.0
19616,61718126,226.9064990234375,61718126_19616,head,1.0
19768,61718126,226.9664990234375,61718126_19768,head,1.0
19979,61718126,227.0364990234375,61718126_19979,head,1.0
20131,61718126,227.1014990234375,61718126_20131,head,1.0
20768,61718126,227.3764990234375,61718126_20768,head,1.0
21102,61718126,227.4814990234375,61718126_21102,head,1.0
21434,61718126,227.5514990234375,61718126_21434,head,1.0
21919,61718126,227.6164990234375,61718126_21919,head,1.0
22160,61718126,228.1814990234375,61718126_22160,head,1.0
22555,61718126,228.2289990234375,61718126_22555,head,1.0
22676,61718126,228.2764990234375,61718126_22676,head,1.0
23039,61718126,228.3114990234375,61718126_23039,head,1.0
23402,61718126,228.4664990234375,61718126_23402,head,1.0
23644,61718126,228.5914990234375,61718126_23644,head,1.0
23947,61718126,228.8164990234375,61718126_23947,head,1.0
24099,61718126,228.8314990234375,61718126_24099,head,1.0
24401,61718126,229.0539990234375,61718126_24401,head,1.0
24703,61718126,229.3464990234375,61718126_24703,head,1.0
25097,61718126,229.5414990234375,61718126_25097,head,1.0
25461,61718126,230.2264990234375,61718126_25461,head,1.0
25704,61718126,229.7764990234375,61718126_25704,head,1.0
25976,61718126,229.9414990234375,61718126_25976,head,1.0
26217,61718126,230.0364990234375,61718126_26217,head,1.0
26550,61718126,230.4164990234375,61718126_26550,head,1.0
26914,61718126,230.7864990234375,61718126_26914,head,1.0
27246,61718126,230.9664990234375,61718126_27246,head,1.0
7750,61719111,170.6758422851562,61719111_7750,head,1.0
9264,61719111,162.3708422851562,61719111_9264,head,1.0
9537,61719111,165.4208422851562,61719111_9537,head,1.0
9628,61719111,165.0141756184895,61719111_9628,head,1.0
9839,61719111,165.7608422851562,61719111_9839,head,1.0
10202,61719111,172.6508422851562,61719111_10202,head,1.0
10323,61719111,171.6508422851562,61719111_10323,head,1.0
10565,61719111,170.6852172851562,61719111_10565,head,1.0
10656,61719111,170.7208422851562,61719111_10656,head,1.0
10898,61719111,169.0508422851562,61719111_10898,head,1.0
11020,61719111,166.2588422851562,61719111_11020,head,1.0
11261,61719111,166.6063978407118,61719111_11261,head,1.0
11383,61719111,164.6708422851562,61719111_11383,head,1.0
11655,61719111,165.4645922851562,61719111_11655,head,1.0
11776,61719111,166.2975089518229,61719111_11776,head,1.0
12018,61719111,164.8808422851562,61719111_12018,head,1.0
12139,61719111,161.5958422851562,61719111_12139,head,1.0
12290,61719111,161.3108422851562,61719111_12290,head,1.0
12442,61719111,162.9708422851562,61719111_12442,head,1.0
12775,61719111,162.518620062934,61719111_12775,head,1.0
12836,61719111,164.4408422851562,61719111_12836,head,1.0
13077,61719111,165.0208422851562,61719111_13077,head,1.0
13199,61719111,164.1208422851562,61719111_13199,head,1.0
13471,61719111,166.9258422851562,61719111_13471,head,1.0
13562,61719111,162.6108422851562,61719111_13562,head,1.0
13774,61719111,164.5170922851562,61719111_13774,head,1.0
13926,61719111,161.5488422851562,61719111_13926,head,1.0
14167,61719111,163.9236994280134,61719111_14167,head,1.0
14258,61719111,165.8258422851562,61719111_14258,head,1.0
14410,61719111,164.0008422851562,61719111_14410,head,1.0
14713,61719111,169.1579851422991,61719111_14713,head,1.0
14924,61719111,170.3008422851562,61719111_14924,head,1.0
7750,61719112,154.0708422851562,61719112_7750,head,1.0
9264,61719112,164.4375089518229,61719112_9264,head,1.0
9537,61719112,166.978620062934,61719112_9537,head,1.0
9628,61719112,166.4708422851562,61719112_9628,head,1.0
9839,61719112,166.7536994280133,61719112_9839,head,1.0
9930,61719112,167.3858422851562,61719112_9930,head,1.0
10202,61719112,168.7108422851562,61719112_10202,head,1.0
10323,61719112,166.9608422851562,61719112_10323,head,1.0
10565,61719112,167.0245922851562,61719112_10565,head,1.0
10656,61719112,166.8575089518229,61719112_10656,head,1.0
10898,61719112,166.4108422851562,61719112_10898,head,1.0
11020,61719112,166.2428422851562,61719112_11020,head,1.0
11261,61719112,165.968620062934,61719112_11261,head,1.0
11383,61719112,163.9908422851562,61719112_11383,head,1.0
11655,61719112,164.1258422851562,61719112_11655,head,1.0
11776,61719112,161.1008422851562,61719112_11776,head,1.0
12018,61719112,164.3952867296006,61719112_12018,head,1.0
12139,61719112,162.0883422851562,61719112_12139,head,1.0
12290,61719112,162.3308422851562,61719112_12290,head,1.0
12442,61719112,162.4708422851562,61719112_12442,head,1.0
12775,61719112,161.0695922851562,61719112_12775,head,1.0
12836,61719112,160.0208422851562,61719112_12836,head,1.0
13077,61719112,161.7052867296007,61719112_13077,head,1.0
13199,61719112,160.7258422851562,61719112_13199,head,1.0
13471,61719112,162.333620062934,61719112_13471,head,1.0
13562,61719112,160.3891756184895,61719112_13562,head,1.0
13774,61719112,160.8433422851562,61719112_13774,head,1.0
13926,61719112,158.8448422851562,61719112_13926,head,1.0
14167,61719112,157.5191756184895,61719112_14167,head,1.0
14713,61719112,155.3008422851562,61719112_14713,head,1.0
14924,61719112,161.3008422851562,61719112_14924,head,1.0
10202,61819021,65.79933553059895,61819021_10202,head,1.0
10323,61819021,63.46600219726562,61819021_10323,head,1.0
10565,61819021,65.06600219726562,61819021_10565,head,1.0
10656,61819021,62.16600219726563,61819021_10656,head,1.0
10898,61819021,68.0374307686942,61819021_10898,head,1.0
11020,61819021,69.34100219726562,61819021_11020,head,1.0
11261,61819021,70.66600219726563,61819021_11261,head,1.0
11383,61819021,75.1326688639323,61819021_11383,head,1.0
11655,61819021,73.09457362583704,61819021_11655,head,1.0
11776,61819021,59.41600219726561,61819021_11776,head,1.0
12018,61819021,62.08266886393228,61819021_12018,head,1.0
12139,61819021,60.91600219726561,61819021_12139,head,1.0
12290,61819021,60.01600219726561,61819021_12290,head,1.0
12442,61819021,58.41600219726561,61819021_12442,head,1.0
12775,61819021,57.09100219726561,61819021_12775,head,1.0
12836,61819021,55.66600219726561,61819021_12836,head,1.0
13077,61819021,69.8048910861545,61819021_13077,head,1.0
13199,61819021,67.91433553059895,61819021_13199,head,1.0
13471,61819021,71.08600219726561,61819021_13471,head,1.0
13562,61819021,67.91100219726562,61819021_13562,head,1.0
13774,61819021,70.91100219726562,61819021_13774,head,1.0
13926,61819021,71.81100219726561,61819021_13926,head,1.0
14167,61819021,67.83957362583705,61819021_14167,head,1.0
14258,61819021,66.66100219726562,61819021_14258,head,1.0
14410,61819021,66.16100219726562,61819021_14410,head,1.0
14713,61819021,72.91100219726562,61819021_14713,head,1.0
14924,61819021,65.28600219726562,61819021_14924,head,1.0
14984,61819021,65.91100219726562,61819021_14984,head,1.0
15227,61819021,64.53600219726562,61819021_15227,head,1.0
15409,61819021,66.91100219726562,61819021_15409,head,1.0
15620,61819021,72.24433553059895,61819021_15620,head,1.0
15742,61819021,66.91100219726562,61819021_15742,head,1.0
15983,61819021,73.57766886393229,61819021_15983,head,1.0
16105,61819021,77.91100219726562,61819021_16105,head,1.0
16346,61819021,66.91100219726562,61819021_16346,head,1.0
16741,61819021,78.91100219726562,61819021_16741,head,1.0
17043,61819021,71.91100219726562,61819021_17043,head,1.0
17225,61819021,71.91100219726562,61819021_17225,head,1.0
17436,61819021,76.57766886393229,61819021_17436,head,1.0
17527,61819021,78.91100219726562,61819021_17527,head,1.0
9264,61819023,219.9960021972656,61819023_9264,head,1.0
10202,61819023,21.49600219726562,61819023_10202,head,1.0
10565,61819023,17.99600219726562,61819023_10565,head,1.0
10898,61819023,21.49600219726562,61819023_10898,head,1.0
5449,70118002,212.1513202880859,70118002_5449,head,1.0
6266,70118002,214.8097536214192,70118002_6266,head,1.0
6509,70118002,214.9330869547526,70118002_6509,head,1.0
6691,70118002,215.0864202880859,70118002_6691,head,1.0
6993,70118002,215.8064202880859,70118002_6993,head,1.0
7265,70118002,215.5180869547526,70118002_7265,head,1.0
7417,70118002,215.5424202880859,70118002_7417,head,1.0
7567,70118002,215.4989202880859,70118002_7567,head,1.0
7750,70118002,215.5897536214192,70118002_7750,head,1.0
8023,70118002,215.7435631452288,70118002_8023,head,1.0
8114,70118002,215.9430869547525,70118002_8114,head,1.0
8355,70118002,215.8364202880859,70118002_8355,head,1.0
8507,70118002,215.9739202880859,70118002_8507,head,1.0
8657,70118002,216.0444202880859,70118002_8657,head,1.0
8840,70118002,216.0939202880859,70118002_8840,head,1.0
9020,70118002,216.3464202880859,70118002_9020,head,1.0
9264,70118002,216.6164202880859,70118002_9264,head,1.0
9537,70118002,216.8014202880859,70118002_9537,head,1.0
9628,70118002,216.7780869547526,70118002_9628,head,1.0
9839,70118002,216.9004202880859,70118002_9839,head,1.0
9930,70118002,217.0007536214192,70118002_9930,head,1.0
10202,70118002,216.9514202880859,70118002_10202,head,1.0
10323,70118002,217.0464202880859,70118002_10323,head,1.0
10565,70118002,217.1189202880859,70118002_10565,head,1.0
10656,70118002,217.2614202880859,70118002_10656,head,1.0
10898,70118002,217.3164202880859,70118002_10898,head,1.0
11020,70118002,217.3564202880859,70118002_11020,head,1.0
11261,70118002,217.4389202880859,70118002_11261,head,1.0
11383,70118002,217.5564202880859,70118002_11383,head,1.0
11655,70118002,217.5664202880859,70118002_11655,head,1.0
11776,70118002,217.7514202880859,70118002_11776,head,1.0
12018,70118002,217.7564202880859,70118002_12018,head,1.0
12139,70118002,217.9214202880859,70118002_12139,head,1.0
12290,70118002,218.0730869547525,70118002_12290,head,1.0
12442,70118002,218.0114202880859,70118002_12442,head,1.0
12775,70118002,218.5447536214192,70118002_12775,head,1.0
12836,70118002,218.6464202880859,70118002_12836,head,1.0
13077,70118002,218.6739202880859,70118002_13077,head,1.0
13199,70118002,218.8764202880859,70118002_13199,head,1.0
13471,70118002,218.9401702880859,70118002_13471,head,1.0
13562,70118002,219.3914202880859,70118002_13562,head,1.0
13774,70118002,219.4180869547526,70118002_13774,head,1.0
13926,70118002,219.5914202880859,70118002_13926,head,1.0
14167,70118002,219.5414202880859,70118002_14167,head,1.0
14258,70118002,219.6764202880859,70118002_14258,head,1.0
14410,70118002,219.8364202880859,70118002_14410,head,1.0
14713,70118002,219.9147536214192,70118002_14713,head,1.0
15227,70118002,220.2647536214192,70118002_15227,head,1.0
15409,70118002,220.4889202880859,70118002_15409,head,1.0
15620,70118002,220.4664202880859,70118002_15620,head,1.0
15742,70118002,220.6964202880859,70118002_15742,head,1.0
15983,70118002,220.7814202880859,70118002_15983,head,1.0
16105,70118002,220.9164202880859,70118002_16105,head,1.0
16346,70118002,220.9564202880859,70118002_16346,head,1.0
19252,70118002,223.5264202880859,70118002_19252,head,1.0
19616,70118002,223.7264202880859,70118002_19616,head,1.0
19979,70118002,223.8864202880859,70118002_19979,head,1.0
20768,70118002,224.1964202880859,70118002_20768,head,1.0
21919,70118002,224.3464202880859,70118002_21919,head,1.0
22160,70118002,224.3464202880859,70118002_22160,head,1.0
22312,70118002,224.3204202880859,70118002_22312,head,1.0
22555,70118002,224.3214202880859,70118002_22555,head,1.0
22826,70118002,224.3464202880859,70118002_22826,head,1.0
23039,70118002,224.3464202880859,70118002_23039,head,1.0
23220,70118002,224.3464202880859,70118002_23220,head,1.0
23402,70118002,224.3464202880859,70118002_23402,head,1.0
23644,70118002,224.3464202880859,70118002_23644,head,1.0
23947,70118002,224.3464202880859,70118002_23947,head,1.0
24401,70118002,224.3464202880859,70118002_24401,head,1.0
24703,70118002,224.3464202880859,70118002_24703,head,1.0
5571,70118003,215.5151521240234,70118003_5571,head,1.0
6266,70118003,215.4415521240234,70118003_6266,head,1.0
6509,70118003,215.5815521240234,70118003_6509,head,1.0
6691,70118003,215.6515521240234,70118003_6691,head,1.0
6993,70118003,217.9015521240234,70118003_6993,head,1.0
7265,70118003,217.8882187906901,70118003_7265,head,1.0
7417,70118003,216.7448854573567,70118003_7417,head,1.0
7567,70118003,216.2915521240234,70118003_7567,head,1.0
7750,70118003,216.3215521240234,70118003_7750,head,1.0
8023,70118003,216.4215521240234,70118003_8023,head,1.0
19252,70118003,224.7115521240234,70118003_19252,head,1.0
19616,70118003,224.9115521240234,70118003_19616,head,1.0
19979,70118003,225.1115521240234,70118003_19979,head,1.0
20768,70118003,225.4215521240234,70118003_20768,head,1.0
21919,70118003,225.9515521240234,70118003_21919,head,1.0
22160,70118003,226.0215521240234,70118003_22160,head,1.0
22312,70118003,226.0485521240234,70118003_22312,head,1.0
22555,70118003,226.1635521240234,70118003_22555,head,1.0
22826,70118003,226.3015521240234,70118003_22826,head,1.0
23039,70118003,226.3365521240234,70118003_23039,head,1.0
23220,70118003,226.4415521240234,70118003_23220,head,1.0
23402,70118003,226.4915521240234,70118003_23402,head,1.0
23644,70118003,226.5690521240234,70118003_23644,head,1.0
23947,70118003,226.7215521240234,70118003_23947,head,1.0
24401,70118003,226.8615521240234,70118003_24401,head,1.0
24703,70118003,227.0315521240234,70118003_24703,head,1.0
25097,70118003,227.1765521240234,70118003_25097,head,1.0
25461,70118003,227.3915521240234,70118003_25461,head,1.0
25704,70118003,227.5815521240234,70118003_25704,head,1.0
25976,70118003,227.7315521240234,70118003_25976,head,1.0
26217,70118003,227.8815521240234,70118003_26217,head,1.0
26550,70118003,228.1265521240234,70118003_26550,head,1.0
26914,70118003,228.3265521240234,70118003_26914,head,1.0
27246,70118003,228.5815521240234,70118003_27246,head,1.0
5449,70118006,213.3035935058594,70118006_5449,head,1.0
6266,70118006,212.8795935058594,70118006_6266,head,1.0
6509,70118006,213.1920935058594,70118006_6509,head,1.0
6691,70118006,213.1145935058594,70118006_6691,head,1.0
6993,70118006,213.3845935058594,70118006_6993,head,1.0
7265,70118006,213.3195935058594,70118006_7265,head,1.0
7417,70118006,213.6070935058594,70118006_7417,head,1.0
7567,70118006,213.8245935058594,70118006_7567,head,1.0
7750,70118006,213.8812601725261,70118006_7750,head,1.0
8023,70118006,214.0345935058594,70118006_8023,head,1.0
8114,70118006,214.1545935058594,70118006_8114,head,1.0
8355,70118006,214.2370935058594,70118006_8355,head,1.0
8507,70118006,214.2895935058594,70118006_8507,head,1.0
8657,70118006,214.4305935058594,70118006_8657,head,1.0
8840,70118006,214.4020935058594,70118006_8840,head,1.0
9020,70118006,214.7827935058594,70118006_9020,head,1.0
9264,70118006,215.0008157280816,70118006_9264,head,1.0
9537,70118006,215.2487046169705,70118006_9537,head,1.0
9628,70118006,215.2695935058594,70118006_9628,head,1.0
9839,70118006,215.096760172526,70118006_9839,head,1.0
9930,70118006,215.233260172526,70118006_9930,head,1.0
10202,70118006,215.3895935058594,70118006_10202,head,1.0
10323,70118006,215.4495935058594,70118006_10323,head,1.0
10565,70118006,215.5345935058594,70118006_10565,head,1.0
10656,70118006,215.4045935058594,70118006_10656,head,1.0
10898,70118006,215.5745935058594,70118006_10898,head,1.0
11020,70118006,215.7895935058594,70118006_11020,head,1.0
11261,70118006,215.8020935058594,70118006_11261,head,1.0
11383,70118006,216.0745935058594,70118006_11383,head,1.0
11655,70118006,216.1495935058594,70118006_11655,head,1.0
11776,70118006,216.2745935058594,70118006_11776,head,1.0
12018,70118006,215.4612601725261,70118006_12018,head,1.0
12139,70118006,216.3830935058594,70118006_12139,head,1.0
12290,70118006,216.5145935058594,70118006_12290,head,1.0
12442,70118006,216.5795935058594,70118006_12442,head,1.0
12775,70118006,216.8555935058594,70118006_12775,head,1.0
12836,70118006,216.9645935058594,70118006_12836,head,1.0
13077,70118006,216.8870935058594,70118006_13077,head,1.0
13199,70118006,216.8075935058594,70118006_13199,head,1.0
13471,70118006,216.9758435058594,70118006_13471,head,1.0
13562,70118006,217.0820935058594,70118006_13562,head,1.0
13774,70118006,217.2412601725261,70118006_13774,head,1.0
13926,70118006,217.2655935058594,70118006_13926,head,1.0
14167,70118006,217.7225935058594,70118006_14167,head,1.0
14258,70118006,217.7225935058594,70118006_14258,head,1.0
14410,70118006,217.8440935058594,70118006_14410,head,1.0
14713,70118006,218.1035935058594,70118006_14713,head,1.0
15227,70118006,218.4845935058594,70118006_15227,head,1.0
15409,70118006,218.4845935058594,70118006_15409,head,1.0
15620,70118006,218.8505935058594,70118006_15620,head,1.0
15742,70118006,219.0025935058594,70118006_15742,head,1.0
15983,70118006,219.2465935058594,70118006_15983,head,1.0
16105,70118006,219.1525935058594,70118006_16105,head,1.0
16346,70118006,219.8645935058594,70118006_16346,head,1.0
19252,70118006,226.8645935058594,70118006_19252,head,1.0
19979,70118006,222.9645935058594,70118006_19979,head,1.0
20768,70118006,223.0645935058594,70118006_20768,head,1.0
21919,70118006,223.2645935058594,70118006_21919,head,1.0
22160,70118006,223.4645935058594,70118006_22160,head,1.0
22312,70118006,223.4645935058594,70118006_22312,head,1.0
22555,70118006,223.7145935058594,70118006_22555,head,1.0
22826,70118006,223.6645935058594,70118006_22826,head,1.0
23039,70118006,223.4645935058594,70118006_23039,head,1.0
23220,70118006,223.6645935058594,70118006_23220,head,1.0
23644,70118006,221.2645935058594,70118006_23644,head,1.0
23947,70118006,221.5895935058594,70118006_23947,head,1.0
24401,70118006,221.3645935058594,70118006_24401,head,1.0
24703,70118006,220.9645935058594,70118006_24703,head,1.0
25097,70118006,221.2645935058594,70118006_25097,head,1.0
25976,70118006,221.5645935058594,70118006_25976,head,1.0
26217,70118006,221.6645935058594,70118006_26217,head,1.0
26550,70118006,222.0645935058594,70118006_26550,head,1.0
26914,70118006,221.8645935058594,70118006_26914,head,1.0
27246,70118006,221.1645935058594,70118006_27246,head,1.0
5571,70118009,214.3321029052734,70118009_5571,head,1.0
6266,70118009,213.5411029052734,70118009_6266,head,1.0
6509,70118009,213.6711029052734,70118009_6509,head,1.0
6691,70118009,213.8911029052734,70118009_6691,head,1.0
6993,70118009,213.9961029052734,70118009_6993,head,1.0
7265,70118009,214.0477695719401,70118009_7265,head,1.0
7417,70118009,214.2711029052734,70118009_7417,head,1.0
7567,70118009,214.2511029052734,70118009_7567,head,1.0
7750,70118009,214.3061029052734,70118009_7750,head,1.0
8023,70118009,214.3811029052734,70118009_8023,head,1.0
8114,70118009,214.3911029052734,70118009_8114,head,1.0
8355,70118009,214.49776957194,70118009_8355,head,1.0
8507,70118009,214.6211029052734,70118009_8507,head,1.0
8657,70118009,214.7411029052734,70118009_8657,head,1.0
8840,70118009,214.7861029052734,70118009_8840,head,1.0
9020,70118009,214.9261029052734,70118009_9020,head,1.0
9264,70118009,215.1044362386067,70118009_9264,head,1.0
9537,70118009,215.2711029052734,70118009_9537,head,1.0
9628,70118009,215.3441029052734,70118009_9628,head,1.0
9839,70118009,215.3721029052734,70118009_9839,head,1.0
9930,70118009,215.4421029052734,70118009_9930,head,1.0
10323,70118009,215.6011029052734,70118009_10323,head,1.0
10565,70118009,215.6811029052734,70118009_10565,head,1.0
10656,70118009,215.7311029052734,70118009_10656,head,1.0
10898,70118009,215.8411029052734,70118009_10898,head,1.0
11020,70118009,215.8911029052734,70118009_11020,head,1.0
11261,70118009,215.9911029052734,70118009_11261,head,1.0
11383,70118009,216.0961029052734,70118009_11383,head,1.0
11655,70118009,216.1311029052734,70118009_11655,head,1.0
11776,70118009,216.2611029052734,70118009_11776,head,1.0
12018,70118009,216.3011029052734,70118009_12018,head,1.0
12139,70118009,216.3961029052734,70118009_12139,head,1.0
12290,70118009,216.6211029052734,70118009_12290,head,1.0
12442,70118009,216.7211029052734,70118009_12442,head,1.0
12775,70118009,216.9111029052734,70118009_12775,head,1.0
13199,70118009,217.2111029052734,70118009_13199,head,1.0
13471,70118009,217.2111029052734,70118009_13471,head,1.0
13562,70118009,217.6711029052734,70118009_13562,head,1.0
13774,70118009,217.8011029052734,70118009_13774,head,1.0
14167,70118009,218.0611029052734,70118009_14167,head,1.0
14410,70118009,218.2511029052734,70118009_14410,head,1.0
14713,70118009,218.3861029052734,70118009_14713,head,1.0
15227,70118009,218.6911029052734,70118009_15227,head,1.0
15409,70118009,218.8761029052734,70118009_15409,head,1.0
15620,70118009,218.9711029052734,70118009_15620,head,1.0
15742,70118009,219.1211029052734,70118009_15742,head,1.0
16105,70118009,219.3111029052734,70118009_16105,head,1.0
19252,70118009,222.2911029052734,70118009_19252,head,1.0
19616,70118009,222.3911029052734,70118009_19616,head,1.0
19979,70118009,222.6711029052734,70118009_19979,head,1.0
20768,70118009,222.8611029052734,70118009_20768,head,1.0
21919,70118009,223.0211029052734,70118009_21919,head,1.0
22160,70118009,223.0211029052734,70118009_22160,head,1.0
22312,70118009,223.0211029052734,70118009_22312,head,1.0
22555,70118009,223.0211029052734,70118009_22555,head,1.0
22826,70118009,223.0211029052734,70118009_22826,head,1.0
23039,70118009,223.0211029052734,70118009_23039,head,1.0
23402,70118009,223.0211029052734,70118009_23402,head,1.0
23644,70118009,223.0211029052734,70118009_23644,head,1.0
25097,70118009,223.0211029052734,70118009_25097,head,1.0
25976,70118009,223.0211029052734,70118009_25976,head,1.0
5571,70118010,213.1828590820312,70118010_5571,head,1.0
6266,70118010,212.3180590820312,70118010_6266,head,1.0
6509,70118010,212.4530590820312,70118010_6509,head,1.0
6691,70118010,212.5230590820312,70118010_6691,head,1.0
6993,70118010,212.7830590820312,70118010_6993,head,1.0
7265,70118010,212.8430590820312,70118010_7265,head,1.0
7417,70118010,212.9680590820312,70118010_7417,head,1.0
7567,70118010,213.0330590820312,70118010_7567,head,1.0
7750,70118010,213.0680590820312,70118010_7750,head,1.0
8023,70118010,213.2030590820312,70118010_8023,head,1.0
8114,70118010,213.0330590820312,70118010_8114,head,1.0
8355,70118010,213.4097257486979,70118010_8355,head,1.0
8507,70118010,213.4830590820312,70118010_8507,head,1.0
8657,70118010,213.5380590820312,70118010_8657,head,1.0
8840,70118010,213.6430590820312,70118010_8840,head,1.0
9020,70118010,213.7930590820312,70118010_9020,head,1.0
9264,70118010,214.0497257486979,70118010_9264,head,1.0
9537,70118010,214.2263924153645,70118010_9537,head,1.0
9628,70118010,214.3320590820312,70118010_9628,head,1.0
9839,70118010,214.4135590820312,70118010_9839,head,1.0
9930,70118010,214.4550590820312,70118010_9930,head,1.0
10323,70118010,214.6030590820312,70118010_10323,head,1.0
10565,70118010,214.7180590820312,70118010_10565,head,1.0
10656,70118010,214.7730590820312,70118010_10656,head,1.0
10898,70118010,214.7830590820312,70118010_10898,head,1.0
11020,70118010,214.8130590820312,70118010_11020,head,1.0
11261,70118010,214.8930590820312,70118010_11261,head,1.0
11383,70118010,215.0230590820312,70118010_11383,head,1.0
11655,70118010,215.1480590820312,70118010_11655,head,1.0
11776,70118010,215.2130590820312,70118010_11776,head,1.0
12018,70118010,215.3330590820312,70118010_12018,head,1.0
12139,70118010,215.4430590820312,70118010_12139,head,1.0
12290,70118010,215.5230590820312,70118010_12290,head,1.0
12442,70118010,215.6430590820312,70118010_12442,head,1.0
12775,70118010,215.9730590820312,70118010_12775,head,1.0
13199,70118010,216.2830590820312,70118010_13199,head,1.0
13471,70118010,216.2880590820312,70118010_13471,head,1.0
13562,70118010,216.6030590820312,70118010_13562,head,1.0
13774,70118010,216.7830590820312,70118010_13774,head,1.0
13926,70118010,216.9730590820312,70118010_13926,head,1.0
14167,70118010,217.0730590820312,70118010_14167,head,1.0
14410,70118010,217.3530590820312,70118010_14410,head,1.0
14713,70118010,217.5780590820312,70118010_14713,head,1.0
15227,70118010,218.0530590820312,70118010_15227,head,1.0
15742,70118010,218.5230590820312,70118010_15742,head,1.0
16105,70118010,218.7130590820312,70118010_16105,head,1.0
16346,70118010,218.9080590820312,70118010_16346,head,1.0
19252,70118010,220.8930590820312,70118010_19252,head,1.0
19616,70118010,221.0630590820312,70118010_19616,head,1.0
19979,70118010,221.2330590820312,70118010_19979,head,1.0
20768,70118010,221.5030590820312,70118010_20768,head,1.0
21919,70118010,221.8130590820312,70118010_21919,head,1.0
22160,70118010,221.9430590820312,70118010_22160,head,1.0
22312,70118010,221.9590590820312,70118010_22312,head,1.0
22555,70118010,221.9730590820312,70118010_22555,head,1.0
22826,70118010,222.0480590820312,70118010_22826,head,1.0
23039,70118010,222.1080590820312,70118010_23039,head,1.0
23220,70118010,222.1630590820312,70118010_23220,head,1.0
23402,70118010,222.1130590820312,70118010_23402,head,1.0
23644,70118010,222.2080590820312,70118010_23644,head,1.0
23947,70118010,222.2930590820312,70118010_23947,head,1.0
24401,70118010,222.3880590820312,70118010_24401,head,1.0
24703,70118010,222.4480590820312,70118010_24703,head,1.0
25097,70118010,222.5680590820312,70118010_25097,head,1.0
25461,70118010,222.7430590820312,70118010_25461,head,1.0
25704,70118010,222.9730590820312,70118010_25704,head,1.0
25976,70118010,223.1680590820312,70118010_25976,head,1.0
26217,70118010,223.2830590820312,70118010_26217,head,1.0
26550,70118010,223.7580590820312,70118010_26550,head,1.0
26914,70118010,223.9955590820312,70118010_26914,head,1.0
27246,70118010,224.1630590820312,70118010_27246,head,1.0
5843,70118014,211.3145588867188,70118014_5843,head,1.0
6266,70118014,212.5053588867188,70118014_6266,head,1.0
6509,70118014,212.9403588867188,70118014_6509,head,1.0
6691,70118014,213.2903588867188,70118014_6691,head,1.0
6993,70118014,213.8003588867188,70118014_6993,head,1.0
7265,70118014,214.1103588867188,70118014_7265,head,1.0
7417,70118014,214.5253588867188,70118014_7417,head,1.0
7567,70118014,214.7503588867188,70118014_7567,head,1.0
7750,70118014,214.9303588867188,70118014_7750,head,1.0
8023,70118014,215.2203588867188,70118014_8023,head,1.0
8114,70118014,215.9403588867188,70118014_8114,head,1.0
8355,70118014,215.6903588867188,70118014_8355,head,1.0
8507,70118014,215.9703588867188,70118014_8507,head,1.0
8657,70118014,216.1003588867188,70118014_8657,head,1.0
8840,70118014,216.3703588867188,70118014_8840,head,1.0
9020,70118014,216.5803588867188,70118014_9020,head,1.0
9264,70118014,216.9303588867188,70118014_9264,head,1.0
9537,70118014,217.4403588867188,70118014_9537,head,1.0
9839,70118014,217.9133588867188,70118014_9839,head,1.0
9930,70118014,218.1783588867188,70118014_9930,head,1.0
10202,70118014,218.4603588867188,70118014_10202,head,1.0
10323,70118014,218.6303588867188,70118014_10323,head,1.0
10565,70118014,218.7303588867188,70118014_10565,head,1.0
10656,70118014,218.9203588867188,70118014_10656,head,1.0
10898,70118014,219.0003588867188,70118014_10898,head,1.0
11020,70118014,219.0303588867188,70118014_11020,head,1.0
11261,70118014,219.2103588867188,70118014_11261,head,1.0
11383,70118014,219.3703588867188,70118014_11383,head,1.0
11655,70118014,219.5003588867188,70118014_11655,head,1.0
11776,70118014,219.5403588867188,70118014_11776,head,1.0
12018,70118014,219.7403588867188,70118014_12018,head,1.0
12290,70118014,220.0003588867188,70118014_12290,head,1.0
12442,70118014,219.7703588867188,70118014_12442,head,1.0
12775,70118014,220.5553588867188,70118014_12775,head,1.0
13199,70118014,221.2403588867188,70118014_13199,head,1.0
13471,70118014,221.2453588867188,70118014_13471,head,1.0
13562,70118014,221.7703588867188,70118014_13562,head,1.0
13774,70118014,222.0803588867188,70118014_13774,head,1.0
13926,70118014,222.3903588867188,70118014_13926,head,1.0
14167,70118014,222.6003588867188,70118014_14167,head,1.0
14410,70118014,223.0103588867188,70118014_14410,head,1.0
14713,70118014,223.4778588867188,70118014_14713,head,1.0
15227,70118014,224.2903588867188,70118014_15227,head,1.0
15409,70118014,224.5553588867188,70118014_15409,head,1.0
15620,70118014,224.8353588867188,70118014_15620,head,1.0
15742,70118014,225.0903588867188,70118014_15742,head,1.0
16105,70118014,225.6903588867188,70118014_16105,head,1.0
16346,70118014,225.9803588867188,70118014_16346,head,1.0
19252,70118014,230.1303588867188,70118014_19252,head,1.0
19616,70118014,230.2203588867188,70118014_19616,head,1.0
19979,70118014,230.3203588867188,70118014_19979,head,1.0
20768,70118014,230.5403588867188,70118014_20768,head,1.0
21919,70118014,230.9603588867188,70118014_21919,head,1.0
22160,70118014,226.8853588867188,70118014_22160,head,1.0
22555,70118014,231.3773588867188,70118014_22555,head,1.0
22826,70118014,231.5453588867188,70118014_22826,head,1.0
23039,70118014,231.7103588867188,70118014_23039,head,1.0
23220,70118014,231.7503588867188,70118014_23220,head,1.0
23402,70118014,231.8303588867188,70118014_23402,head,1.0
23644,70118014,232.0053588867188,70118014_23644,head,1.0
23947,70118014,232.2003588867188,70118014_23947,head,1.0
24401,70118014,232.2503588867188,70118014_24401,head,1.0
24703,70118014,232.3453588867188,70118014_24703,head,1.0
25097,70118014,232.3903588867188,70118014_25097,head,1.0
25461,70118014,232.4553588867188,70118014_25461,head,1.0
25704,70118014,232.6203588867188,70118014_25704,head,1.0
25976,70118014,232.7053588867188,70118014_25976,head,1.0
26217,70118014,232.7503588867188,70118014_26217,head,1.0
26550,70118014,232.9253588867188,70118014_26550,head,1.0
26914,70118014,233.1853588867188,70118014_26914,head,1.0
27246,70118014,233.3753588867188,70118014_27246,head,1.0
6175,70118016,213.1808626464844,70118016_6175,head,1.0
6266,70118016,213.4929626464844,70118016_6266,head,1.0
6509,70118016,213.6229626464844,70118016_6509,head,1.0
7265,70118016,213.9429626464844,70118016_7265,head,1.0
7417,70118016,214.0629626464844,70118016_7417,head,1.0
7567,70118016,214.2429626464844,70118016_7567,head,1.0
7750,70118016,214.3029626464844,70118016_7750,head,1.0
8023,70118016,214.3929626464844,70118016_8023,head,1.0
8114,70118016,214.4929626464844,70118016_8114,head,1.0
8355,70118016,214.5629626464844,70118016_8355,head,1.0
8507,70118016,214.7029626464844,70118016_8507,head,1.0
8657,70118016,214.7529626464844,70118016_8657,head,1.0
8840,70118016,214.8929626464844,70118016_8840,head,1.0
9020,70118016,215.0029626464844,70118016_9020,head,1.0
9264,70118016,215.1929626464844,70118016_9264,head,1.0
9537,70118016,215.4279626464844,70118016_9537,head,1.0
9839,70118016,215.6569626464844,70118016_9839,head,1.0
9930,70118016,215.7649626464844,70118016_9930,head,1.0
10202,70118016,216.4129626464844,70118016_10202,head,1.0
10323,70118016,216.0629626464844,70118016_10323,head,1.0
10565,70118016,216.1829626464844,70118016_10565,head,1.0
10656,70118016,216.3029626464844,70118016_10656,head,1.0
10898,70118016,216.3529626464844,70118016_10898,head,1.0
11020,70118016,216.3629626464844,70118016_11020,head,1.0
11261,70118016,216.5229626464844,70118016_11261,head,1.0
11383,70118016,216.6629626464844,70118016_11383,head,1.0
19252,70118016,223.1429626464844,70118016_19252,head,1.0
19616,70118016,223.2429626464844,70118016_19616,head,1.0
19979,70118016,223.3629626464844,70118016_19979,head,1.0
20768,70118016,223.5329626464844,70118016_20768,head,1.0
21919,70118016,223.9729626464844,70118016_21919,head,1.0
22160,70118016,219.7334626464844,70118016_22160,head,1.0
22826,70118016,224.3529626464844,70118016_22826,head,1.0
23039,70118016,224.4029626464844,70118016_23039,head,1.0
23220,70118016,224.5129626464844,70118016_23220,head,1.0
23402,70118016,224.5729626464844,70118016_23402,head,1.0
23644,70118016,224.6929626464844,70118016_23644,head,1.0
23947,70118016,224.9079626464844,70118016_23947,head,1.0
24401,70118016,225.0379626464844,70118016_24401,head,1.0
24703,70118016,225.2479626464844,70118016_24703,head,1.0
25097,70118016,225.4179626464844,70118016_25097,head,1.0
25461,70118016,225.6679626464844,70118016_25461,head,1.0
25704,70118016,225.9229626464844,70118016_25704,head,1.0
25976,70118016,225.9429626464844,70118016_25976,head,1.0
26550,70118016,226.4629626464844,70118016_26550,head,1.0
26914,70118016,226.6929626464844,70118016_26914,head,1.0
27246,70118016,227.0079626464844,70118016_27246,head,1.0
5934,70118017,215.4234467285156,70118017_5934,head,1.0
6266,70118017,213.6841467285156,70118017_6266,head,1.0
6509,70118017,213.9041467285156,70118017_6509,head,1.0
6691,70118017,214.1141467285156,70118017_6691,head,1.0
7265,70118017,214.4341467285156,70118017_7265,head,1.0
7417,70118017,214.6391467285156,70118017_7417,head,1.0
7567,70118017,214.7741467285156,70118017_7567,head,1.0
7750,70118017,214.8541467285156,70118017_7750,head,1.0
8023,70118017,215.0041467285156,70118017_8023,head,1.0
8114,70118017,215.0041467285156,70118017_8114,head,1.0
8355,70118017,215.2741467285156,70118017_8355,head,1.0
8507,70118017,215.5241467285156,70118017_8507,head,1.0
8657,70118017,215.5741467285156,70118017_8657,head,1.0
9020,70118017,215.9241467285156,70118017_9020,head,1.0
9264,70118017,216.2141467285156,70118017_9264,head,1.0
9537,70118017,216.5341467285156,70118017_9537,head,1.0
9839,70118017,216.8581467285156,70118017_9839,head,1.0
9930,70118017,217.0891467285156,70118017_9930,head,1.0
10202,70118017,217.3141467285156,70118017_10202,head,1.0
10323,70118017,217.5141467285156,70118017_10323,head,1.0
10565,70118017,217.7241467285156,70118017_10565,head,1.0
10656,70118017,217.8941467285156,70118017_10656,head,1.0
10898,70118017,218.0041467285156,70118017_10898,head,1.0
11020,70118017,218.1441467285156,70118017_11020,head,1.0
11261,70118017,218.3441467285156,70118017_11261,head,1.0
11383,70118017,218.5441467285156,70118017_11383,head,1.0
11655,70118017,218.7291467285156,70118017_11655,head,1.0
11776,70118017,218.7641467285156,70118017_11776,head,1.0
12018,70118017,218.9441467285156,70118017_12018,head,1.0
12290,70118017,219.1741467285156,70118017_12290,head,1.0
12442,70118017,219.3241467285156,70118017_12442,head,1.0
12775,70118017,219.5591467285156,70118017_12775,head,1.0
13199,70118017,220.0441467285156,70118017_13199,head,1.0
13471,70118017,220.1941467285156,70118017_13471,head,1.0
13562,70118017,220.4441467285156,70118017_13562,head,1.0
13774,70118017,220.7441467285156,70118017_13774,head,1.0
13926,70118017,221.0141467285156,70118017_13926,head,1.0
14167,70118017,221.2216467285156,70118017_14167,head,1.0
14410,70118017,221.6141467285156,70118017_14410,head,1.0
14713,70118017,222.0641467285156,70118017_14713,head,1.0
15227,70118017,222.9341467285156,70118017_15227,head,1.0
15409,70118017,223.1941467285156,70118017_15409,head,1.0
15620,70118017,223.4291467285156,70118017_15620,head,1.0
15742,70118017,223.6441467285156,70118017_15742,head,1.0
15983,70118017,223.8041467285156,70118017_15983,head,1.0
16105,70118017,223.9341467285156,70118017_16105,head,1.0
16346,70118017,224.2341467285156,70118017_16346,head,1.0
19252,70118017,227.7641467285156,70118017_19252,head,1.0
19616,70118017,228.0041467285156,70118017_19616,head,1.0
19979,70118017,228.3341467285156,70118017_19979,head,1.0
20768,70118017,228.6841467285156,70118017_20768,head,1.0
21919,70118017,229.2341467285156,70118017_21919,head,1.0
22160,70118017,225.1236467285156,70118017_22160,head,1.0
22555,70118017,229.5501467285156,70118017_22555,head,1.0
22826,70118017,229.6591467285156,70118017_22826,head,1.0
23039,70118017,229.7741467285156,70118017_23039,head,1.0
23220,70118017,229.7191467285156,70118017_23220,head,1.0
23402,70118017,229.7441467285156,70118017_23402,head,1.0
23644,70118017,229.7891467285156,70118017_23644,head,1.0
23947,70118017,229.7666467285156,70118017_23947,head,1.0
24401,70118017,229.6691467285156,70118017_24401,head,1.0
24703,70118017,229.5141467285156,70118017_24703,head,1.0
25097,70118017,229.4091467285156,70118017_25097,head,1.0
25461,70118017,229.2491467285156,70118017_25461,head,1.0
25704,70118017,229.2341467285156,70118017_25704,head,1.0
25976,70118017,229.1791467285156,70118017_25976,head,1.0
26217,70118017,229.0841467285156,70118017_26217,head,1.0
26550,70118017,229.1091467285156,70118017_26550,head,1.0
26914,70118017,229.2191467285156,70118017_26914,head,1.0
27246,70118017,229.4941467285156,70118017_27246,head,1.0
5571,70119011,220.4956935302734,70119011_5571,head,1.0
9537,70119011,116.8864935302734,70119011_9537,head,1.0
9930,70119011,120.5464935302734,70119011_9930,head,1.0
10202,70119011,119.9207792445591,70119011_10202,head,1.0
10323,70119011,118.6931601969401,70119011_10323,head,1.0
10565,70119011,118.9793506731305,70119011_10565,head,1.0
10656,70119011,118.1831601969401,70119011_10656,head,1.0
10898,70119011,118.3309379747179,70119011_10898,head,1.0
11020,70119011,118.2489935302734,70119011_11020,head,1.0
11261,70119011,118.5031601969401,70119011_11261,head,1.0
11383,70119011,118.3164935302734,70119011_11383,head,1.0
11655,70119011,118.2948268636067,70119011_11655,head,1.0
11776,70119011,117.6714935302734,70119011_11776,head,1.0
12018,70119011,99.96982686360673,70119011_12018,head,1.0
12139,70119011,117.7439935302734,70119011_12139,head,1.0
12290,70119011,106.3464935302734,70119011_12290,head,1.0
12442,70119011,92.4464935302734,70119011_12442,head,1.0
12775,70119011,88.92149353027341,70119011_12775,head,1.0
12836,70119011,73.54649353027341,70119011_12836,head,1.0
13077,70119011,89.77376625754613,70119011_13077,head,1.0
13199,70119011,145.9664935302734,70119011_13199,head,1.0
13471,70119011,146.0414935302734,70119011_13471,head,1.0
13562,70119011,125.2164935302734,70119011_13562,head,1.0
13774,70119011,132.8831601969401,70119011_13774,head,1.0
5571,70119012,228.3804490559895,70119012_5571,head,1.0
9537,70119012,124.6836157226562,70119012_9537,head,1.0
9930,70119012,128.6436157226562,70119012_9930,head,1.0
10202,70119012,128.0493300083705,70119012_10202,head,1.0
10323,70119012,126.5902823893229,70119012_10323,head,1.0
10565,70119012,127.0752823893229,70119012_10565,head,1.0
10656,70119012,126.2869490559895,70119012_10656,head,1.0
10898,70119012,126.4258379448784,70119012_10898,head,1.0
11020,70119012,126.6361157226562,70119012_11020,head,1.0
11261,70119012,126.4769490559895,70119012_11261,head,1.0
11383,70119012,126.3311157226562,70119012_11383,head,1.0
11655,70119012,126.1402823893229,70119012_11655,head,1.0
11776,70119012,124.5436157226562,70119012_11776,head,1.0
12018,70119012,111.321393500434,70119012_12018,head,1.0
12139,70119012,125.7961157226562,70119012_12139,head,1.0
12290,70119012,119.4436157226562,70119012_12290,head,1.0
12442,70119012,102.1150442940848,70119012_12442,head,1.0
12775,70119012,101.6436157226562,70119012_12775,head,1.0
12836,70119012,77.1436157226562,70119012_12836,head,1.0
13077,70119012,122.8586157226562,70119012_13077,head,1.0
13199,70119012,163.0502823893229,70119012_13199,head,1.0
13471,70119012,145.3836157226562,70119012_13471,head,1.0
19252,70119012,224.1736157226562,70119012_19252,head,1.0
19979,70119012,224.5736157226562,70119012_19979,head,1.0
20768,70119012,224.8036157226562,70119012_20768,head,1.0
21919,70119012,225.2136157226562,70119012_21919,head,1.0
22160,70119012,225.3436157226562,70119012_22160,head,1.0
22312,70119012,225.3476157226562,70119012_22312,head,1.0
22555,70119012,225.4131157226562,70119012_22555,head,1.0
22826,70119012,225.4436157226562,70119012_22826,head,1.0
23039,70119012,225.4986157226562,70119012_23039,head,1.0
23220,70119012,225.5736157226562,70119012_23220,head,1.0
23402,70119012,225.5236157226562,70119012_23402,head,1.0
23644,70119012,225.6061157226562,70119012_23644,head,1.0
23947,70119012,225.5786157226562,70119012_23947,head,1.0
24401,70119012,225.7436157226562,70119012_24401,head,1.0
24703,70119012,225.6636157226562,70119012_24703,head,1.0
25097,70119012,225.6636157226562,70119012_25097,head,1.0
25461,70119012,225.6836157226562,70119012_25461,head,1.0
25976,70119012,225.7486157226562,70119012_25976,head,1.0
26217,70119012,225.8736157226562,70119012_26217,head,1.0
26550,70119012,226.0186157226562,70119012_26550,head,1.0
26914,70119012,225.9436157226562,70119012_26914,head,1.0
27246,70119012,226.1486157226562,70119012_27246,head,1.0
17436,70119309,224.2010974121094,70119309_17436,head,1.0
17527,70119309,224.4310974121094,70119309_17527,head,1.0
17738,70119309,224.6810974121094,70119309_17738,head,1.0
18526,70119309,225.9910974121094,70119309_18526,head,1.0
18678,70119309,225.2910974121094,70119309_18678,head,1.0
19011,70119309,225.8410974121094,70119309_19011,head,1.0
19252,70119309,226.3310974121094,70119309_19252,head,1.0
19616,70119309,226.7110974121094,70119309_19616,head,1.0
19768,70119309,226.9610974121094,70119309_19768,head,1.0
19979,70119309,227.0910974121094,70119309_19979,head,1.0
20131,70119309,227.0910974121094,70119309_20131,head,1.0
20768,70119309,228.0160974121094,70119309_20768,head,1.0
21102,70119309,228.3960974121094,70119309_21102,head,1.0
21434,70119309,228.7960974121094,70119309_21434,head,1.0
21797,70119309,229.0710974121094,70119309_21797,head,1.0
22160,70119309,229.4410974121094,70119309_22160,head,1.0
22555,70119309,229.7140974121094,70119309_22555,head,1.0
22676,70119309,229.7160974121094,70119309_22676,head,1.0
23039,70119309,229.3285974121094,70119309_23039,head,1.0
23402,70119309,228.9410974121094,70119309_23402,head,1.0
23644,70119309,228.8010974121094,70119309_23644,head,1.0
23947,70119309,228.6635974121094,70119309_23947,head,1.0
24401,70119309,228.6035974121094,70119309_24401,head,1.0
24703,70119309,228.5260974121094,70119309_24703,head,1.0
25097,70119309,228.7310974121094,70119309_25097,head,1.0
25461,70119309,228.5985974121094,70119309_25461,head,1.0
25704,70119309,228.2960974121094,70119309_25704,head,1.0
25976,70119309,228.5160974121094,70119309_25976,head,1.0
26550,70119309,229.0610974121094,70119309_26550,head,1.0
26914,70119309,229.7110974121094,70119309_26914,head,1.0
27246,70119309,229.8810974121094,70119309_27246,head,1.0
