Gamma,Depth
5.142883754344837,1.7055586302639654
8.166266803656754,2.713352980034614
12.701341377624658,2.965301567477269
17.48836453903519,2.965301567477269
22.023439113003064,2.965301567477269
26.05461651208563,3.4691987423626074
31.3455368483815,3.7211473298052624
30.33774249861088,5.988684616789186
26.306565099528314,6.74453037911718
22.527336287888403,7.24842755400249
18.748107476248492,9.012067666101132
24.03902781254436,9.767913428429097
28.322153799069582,10.271810603314435
33.10917696048014,10.019862015871752
38.14814870933333,11.279604953085055
42.431274695858576,11.279604953085055
47.47024644471179,11.783502127970394
52.76116678100766,12.035450715413049
58.304035704746184,12.035450715413049
63.091058866156686,12.539347890298359
60.823521579172734,14.302988002396972
65.86249332802592,14.051039414954317
70.39756790199382,14.051039414954317
73.42095095130574,14.554936589839656
70.90146507687913,15.058833764724966
67.62613344012456,15.562730939610276
61.5793673415007,16.82247387682358
67.3741848526819,17.074422464266263
71.65731083920713,17.326371051708918
75.94043682573235,17.326371051708918
81.48330574947087,17.326371051708918
86.2703289108814,18.334165401479538
94.3326837090465,18.838062576364877
101.38724415744102,18.58611398892222
108.18985601839282,18.838062576364877
115.49636505422995,18.838062576364877
120.28338821564049,18.838062576364877
126.0782057268217,19.09001116380756
117.00805657888591,20.853651275906174
120.53533680308314,21.861445625676822
121.54313115285379,23.87703432521809
128.59769160124827,24.128982912660746
126.83405148914963,25.89262302475936
121.54313115285376,26.396520199644684
120.0314396281978,28.66405748662862
118.01585092865653,29.67185183639927
110.20544471793406,30.679646186169904
113.73272494213128,32.44328629826853
109.19765036816341,33.70302923548182
99.62360404534232,35.214720760137794
94.33268370904642,35.97056652246576
93.82878653416108,37.73420663456437
86.0183803234386,37.98615522200704
79.46771704992943,38.74200098433502
75.4365396508469,39.749795334105656
77.70407693783082,41.513435446204284
80.72745998714274,43.529024145745566
81.23135716202808,46.04851002017216
78.45992270015881,46.80435578250014
60.57157299172991,47.81215013227079
69.13782496478032,48.567995894598766
69.38977355222298,51.08748176902537
72.66510518897758,52.09527611879601
78.9638198750441,52.09527611879601
84.50668879878262,52.85112188112399
88.28591761042253,53.35501905600931
93.82878653416103,53.858916230894636
98.61580969557158,54.614761993222615
101.6391927448835,56.6303506927639
99.87555263278492,57.89009362997719
97.60801534580096,58.645939392305166
94.33268370904639,58.39399080486251
99.1197068704569,60.409579504403794
97.10411817091565,61.16542526673177
93.32488935927572,62.17321961650241
95.08852947137433,63.181013966273056
94.33268370904636,65.19660266581434
91.81319783461976,65.95244842814232
93.07294077183303,68.72388289001158
88.03396902297985,70.23557441466754
94.83658088393167,71.24336876443817
94.83658088393167,73.51090605142213
90.55345489740645,74.51870040119276
94.83658088393167,75.77844333840606
91.5612492471771,76.7862376881767
88.03396902297985,78.29792921283266
78.71187128760144,79.55767215004596
77.95602552527345,80.56546649981661
69.64172213966569,81.57326084958724
76.19238541317486,82.83300378680055
81.73525433691336,83.58884954912853
84.50668879878262,83.8407981365712
85.51448314855327,86.86418118588311
92.06514642206244,87.11612977332577
92.56904359694772,89.13171847286705
82.2391515117987,89.3836670603097
83.75084303645465,91.14730717240833
75.18459106340421,91.90315293473631
73.92484812619091,94.92653598404823
67.62613344012442,95.17848457149088
67.37418485268176,97.44602185847484
71.65731083920699,97.69797044591749
76.94823117550285,98.45381620824547
76.19238541317486,100.46940490778675
79.71966563737212,100.97330208267208
83.49889444901203,102.48499360732804
83.49889444901203,105.50837665663995
88.28591761042256,106.01227383152528
90.55345489740648,108.53175970595188
91.05735207229185,110.2953998180505
75.18459106340424,110.79929699293581
81.48330574947073,112.56293710503444
80.72745998714277,114.57852580457572
84.00279162389737,115.83826874178902
83.49889444901203,117.34996026644498
79.9716142248148,117.60190885388764
87.78202043553725,119.1136003785436
83.24694586156937,120.12139472831424
65.86249332802583,121.6330862529702
73.42095095130566,123.64867495251147
79.97161422481483,124.90841788972477
79.46771704992949,127.67985235159404
77.70407693783088,128.435698113922
72.41315660153501,129.19154387625
68.38197920245247,129.947389638578
67.87808202756713,131.7110297506766
53.265063955892856,131.96297833811926
58.30403570474607,132.71882410044725
55.28065265543415,134.73441279998852
59.31183005451669,134.98636138743117
59.81572722940203,137.00195008697244
62.839110278713946,137.75779584930044
65.86249332802586,138.51364161162843
62.58716169127129,140.5292303111697
54.52480689310616,142.04092183582566
61.8313159289433,142.79676759815362
65.86249332802586,143.8045619479243
68.88587637733778,145.06430488513757
69.38977355222312,147.07989358467887
65.1066475656979,148.0876879344495
62.58716169127129,149.09548228422014
59.563778641959374,150.35522522143344
60.571572991729994,153.1266596833027
64.85469897825521,153.88250544563067
70.90146507687908,154.63835120795866
71.15341366432173,157.40978566982793
78.4599227001589,157.15783708238524
74.42874530107633,158.92147719448388
79.46771704992952,159.17342578192654
79.46771704992952,161.4409630689105
73.16900236386303,162.95265459356645
83.75084303645474,163.45655176845176
87.02617467320934,164.21239753077975
93.07294077183317,166.73188340520636
89.04176337275064,167.23578058009167
87.53007184809465,169.25136927963297
79.46771704992955,170.00721504196093
79.21576846248686,172.0228037415022
83.7508430364548,172.52670091638754
82.23915151179884,174.03839244104347
78.71187128760158,174.29034102848613
74.68069388851902,174.79423820337144
69.38977355222318,174.54228961592878
68.13003061500987,176.30592972802742
60.06767581684474,178.57346701501135
69.89367072710849,179.581261364782
83.49889444901214,180.58905571455261
96.09632382114512,181.09295288943795
112.72493059236069,181.5968500643233
121.29118256541113,182.60464441409394
124.0626170272804,184.87218170107786
120.03143962819786,185.12413028852055
114.23662211701665,185.62802746340589
99.11970687045704,185.87997605084854
104.15867861931025,185.87997605084854
108.94570178072078,186.88777040061916
108.94570178072078,188.90335910016046
101.63919274488364,189.40725627504577
93.0729407718332,189.91115344993108
82.49110009924149,190.66699921225904
87.5300718480947,190.66699921225904
87.02617467320937,192.934536499243
96.60022099603046,193.4384336741283
106.67816449373686,193.94233084901362
114.74051929190199,195.4540223736696
107.6859588435075,195.9579195485549
96.3482724085878,196.96571389832553
87.27812326065205,197.72155966065353
76.69628258806034,196.96571389832553
70.39756790199382,198.22545683553884
69.64172213966586,200.2410455350801
66.36639050291126,201.24883988485075
69.89367072710851,203.26442858439202
75.18459106340438,204.02027434672002
79.97161422481494,205.53196587137597
79.21576846248692,207.79950315835993
73.92484812619108,208.5553489206879
65.10664756569798,207.79950315835993
57.800138529860845,208.5553489206879
54.52480689310627,208.5553489206879
54.52480689310627,210.31898903278653
51.50142384379433,210.06704044534388
55.78454983031955,212.08262914488515
50.24168090658105,212.58652631977048
47.722195032154445,213.5943206695411
33.61307413536548,213.84626925698376
31.093588260938873,216.36575513141037
35.62866283490678,217.373549481181
44.19491480795719,217.87744665606633
51.2494752563517,219.64108676816494
56.79234418009017,220.90082970537821
89.29371196019332,221.40472688026355
90.55345489740665,223.67226416724748
92.82099218439058,225.68785286678877
86.52227749832409,225.93980145423143
82.49110009924155,225.93980145423143
81.48330574947087,226.69564721655942
67.87808202756725,227.19954439144476
57.04429276753285,226.94759580400208
54.7767554805489,228.45928732865804
58.0520871173035,229.46708167842868
63.84690462848465,230.22292744075668
66.61833909035391,231.2307217905273
64.60275039081262,233.49825907751125
55.78454983031952,233.2463104900686
49.73778373169566,233.49825907751125
48.98193796936769,235.7657963644952
45.958554920055775,236.2696935393805
45.70660633261309,238.53723082636446
50.24168090658097,239.54502517613506
55.53260124287684,240.04892235102037
60.31962440428737,240.5528195259057
62.08326451638598,242.82035681288963
71.65731083920704,244.08009975010293
81.23135716202813,244.3320483375456
92.31709500950518,246.85153421197217
99.87555263278497,246.85153421197217
104.91452438163819,248.11127714918547
105.16647296908084,250.37881443616942
96.85216958347306,250.63076302361208
82.23915151179875,251.1346601984974
67.62613344012448,251.38660878594004
64.35080180336988,251.89050596082538
52.25726960612218,252.142454548268
43.43906904562908,252.39440313571066
42.17932610841578,253.90609466036662
42.431274695858434,256.6775291222359
29.833845323725427,257.4333748845639
38.14814870933321,257.9372720594492
34.3689198976933,259.7009121715478
54.77675548054876,260.70870652131845
57.04429276753268,262.72429522085974
52.76116678100749,263.73208957063036
44.19491480795702,263.22819239574505
41.42348034608776,265.74767827017166
34.11697131025062,268.0152155571556
40.91958317120245,268.5191127320409
44.446863395399674,270.0308042566969
39.9117888214318,271.54249578135284
32.857228373037316,272.55029013112346
37.64425153444785,273.8100330683368
40.667634583759764,275.8256217678781
42.68322328330106,276.8334161176487
48.729989381924895,276.8334161176487
60.823521579172564,278.093159054862
62.33521310382852,279.3529019920753
67.62613344012439,279.604850579518
68.8858763773377,282.6282336288299
76.19238541317483,282.1243364539446
76.9482311755028,284.39187374092853
88.53786619786516,284.6438223283712
85.51448314855324,285.90356526558446
90.80540348484911,286.9113596153551
79.71966563737206,288.42305114001107
106.6781644937366,289.934742664667
153.88335597653003,291.89900644232966
194.0031303946558,292.15292906522916
197.81196973814875,293.67646480262636
205.17572580223512,294.946077917124
214.57086284951774,295.96176840872215
212.28555924342194,297.73922676901884
208.98456514572806,300.27845299801413
204.92180317933557,301.54806611251183
198.57373760684735,302.3098339812104
195.0188208862539,303.3255244728085
191.71782678856002,304.3412149644066
195.27274350915346,306.37259594760286
202.89042219613933,306.8804411934019
214.57086284951774,307.13436381630146
220.6611088494928,307.8879480908113
224.47579361740628,308.1422604086722
222.4412950745191,310.6853835872812
214.30330090297028,311.194008223003
201.33337269206436,312.4655698123075
183.7858227596623,312.2112574944466
163.44083733079026,312.4655698123075
148.94503521271892,312.7198821301684
131.143172962456,313.48281908375105
116.64737084438465,313.99144371947284
110.28956289786214,313.737131401612
110.2895628978622,315.51731762663826
100.62569481914798,316.0259422623601
89.69026515112927,316.5345668980819
97.3196346869563,316.5345668980819
93.2506376011819,318.3147531231082
124.78536501593359,318.82337775883
127.07417587668166,320.85787630171717
123.76811574448996,322.12943789102167
93.50494991904282,321.8751255731608
93.25063760118192,324.16393643390893
81.2979586617196,323.909624116048
75.7030876687798,325.6898103410743
79.51777243669329,326.1984349767961
89.94457746899022,326.1984349767961
90.96182674043382,327.97862120182236
115.12149693721935,328.7415581554051
150.51317724731774,328.73310452991836
175.55413515449902,329.7551844444972
209.28277233560038,330.9792681635928
219.6008736161669,332.52698335567777
226.56559198054924,334.33265107977684
217.02134829602525,335.36446120783353
201.2862438431614,335.36446120783353
157.1763608687397,336.3962713358901
105.84380699792146,337.1701289319326
87.52917722491597,337.686033995961
90.36665507707175,338.71784412401763
82.88603164866106,339.4917017200601
90.10870254505758,341.03941691214504
71.0202151760096,341.81327450818753
74.88950315622202,343.3609897002725
71.0202151760096,344.65075236034335
78.75879113643444,345.6825624884
74.3735980921937,346.9723251484708
78.50083860442027,348.00413527652745
75.92131328427863,349.2938979365982
79.79060126449107,350.0677555326407
73.59974049615121,350.8416131286832
79.79060126449107,352.6472808527824
75.0661365033942,353.7616271202452
60.41522953663531,354.16302183166323
59.01034804667211,356.37069274446253
51.785243241147185,357.77557423442573
55.79919035532771,359.18045572438893
53.59151944252841,360.384639858643
52.989427375401334,361.78952134860623
46.36641463700349,363.3951001942785
42.75386223424101,364.3985869728236
46.36641463700349,365.8034684627868
51.98594059685621,366.4055605299138
61.01732160376238,367.409047308459
96.3476187565455,368.55018027920664
134.84313819175298,370.37365225245327
154.69872190043895,370.37365225245327
169.0838896893849,371.3866922375903
164.2212977607271,372.8049482167822
167.66563371019305,373.4127722078644
165.03172974883677,374.42581219300143
168.27345770127528,375.2362441811111
162.80304178153526,375.6414601751659
157.53523385882266,376.4518921632755
122.89706246877013,377.0114953881713
88.33033859171788,378.0341795265457
74.01276065447735,379.26140049259493
83.62599155519601,379.26140049259493
81.17154962309763,380.4886214586441
90.17117004079171,380.4886214586441
100.36207368079894,380.4468559726806
97.2794519101073,382.5019371531417
112.48705264551941,382.7074452711878
127.48914526288544,383.52947774337224
145.75301839425524,383.88193981338895
167.43384057972906,385.1208439382732
155.45776737251495,385.3273279590872
163.30416016344833,386.3597480631574
152.56699108111846,386.5662320839714
154.83831531007286,388.0116202296697
144.34113221921257,388.5285131343735
117.18782466447496,389.43524508388
85.45247471777373,389.57566698629904
84.0482556935834,391.1203079129084
86.15458422986887,391.68199552258454
83.06530237665017,392.66494883951776
66.49551789120439,393.3670583516129
55.68862167414294,393.9403565204051
47.14911688977004,394.22034028382717
45.329222427526645,395.6202591009376
38.04964457855304,395.7602509826486
40.149522804218506,396.32021850949275
37.34968516999787,397.44015356318096
40.009530922507466,397.8601292083141
39.02958775053024,398.8400723802913
50.928897695967876,399.4000399071354
47.28910877148108,401.2199343693788
51.76884898623406,401.0799424876678
50.22893828741273,402.61985318648914
60.173081246930465,402.2065275458592
60.173081246930465,403.74407856566324
67.72105898051406,403.0451917384796
76.10770090671805,403.6043012002265
87.2898901416567,404.0236332965367
100.98807195445657,404.8622974891571
114.54647640181975,405.00207485459373
130.62087342704407,405.84073904721413
144.17927787440723,406.26007114352427
155.64102184021937,406.39984850896093
173.2969867463321,406.7051369197346
182.22900905286036,406.98869318343384
195.41437531487827,407.2722494471331
203.9210632258576,407.83936197453176
206.04773520360243,408.54825263378
200.0930536659169,408.83180889747933
186.19879674465068,409.11536516117866
168.19297399974448,409.68247768857725
160.11162048431413,409.54069955672765
151.0378200459362,409.82425582042686
134.30800048767688,409.5406995567276
106.09415224959548,409.82425582042686
86.95410444989201,409.9660339522766
77.73852587966441,410.3913683478255
52.36024027857613,410.81670274337444
43.41609918030797,411.2164530230279
45.12551595699709,412.49851560554475
40.99442541333168,413.6381267900042
46.40757853951395,414.0654809841765
49.96886349094966,414.0654809841765
54.66975962684482,414.92018937252107
55.666919413246816,416.91450894532505
54.38485683072996,419.1937313142439
46.122675743399114,418.6239257220142
46.26512714145652,420.1908911006459
44.1283561705951,420.47579389676076
45.12551595699709,421.6154050812202
42.41893939390597,422.0427592753925
43.70100197642283,423.89462745013907
40.13971702498712,423.89462745013907
40.282168423044524,425.03423863459847
36.151077879379116,425.1766900326559
37.14823766578111,426.03139842100046
35.01146669491969,426.7436554112876
32.874695724058256,428.4530721879768
37.433140461896016,428.73797498409164
41.706682403618856,428.5955235860342
42.418939393906015,430.58984315883816
50.396217685122025,431.1596487510679
58.08859318022314,431.1596487510679
82.65787998288842,431.6983370283753
106.98961642519008,433.9883828111802
132.75263148174486,434.7040221183067
158.37976740009213,434.98280945966013
187.90935645924677,435.84289457788805
197.052284655152,436.677793100201
199.06867999433598,437.9740472468193
201.22910357203313,438.4061319623587
198.20451056325714,438.9822449164113
196.33214346258626,439.55835787046385
194.45977636191543,441.1426684941084
191.86726806867887,441.57475320964784
185.81808205112688,441.5747532096477
175.0159641626412,442.43892264072656
174.58387944710176,444.02323326437113
166.5182980903658,443.73517678734487
166.80635456739208,445.4635156495026
152.2595024775647,445.7515721265288
164.7899592282081,447.0478262731471
189.85087272949482,447.76796746571284
206.2700919199931,448.3440804197655
216.64012509293934,448.63213689679174
224.41764997264903,448.48810865827863
220.81694400982047,450.5045039974626
223.55348054157017,450.5045039974626
221.6811134408993,452.0888146211072
226.57807355034618,453.24104052921234
222.11319815643876,453.81715348326486
219.08860514766275,454.5372946758306
212.7513626530845,455.11340762988317
198.060482324744,455.977577060962
175.30402063966747,457.7059159231198
146.35434469852586,458.71411359271184
140.7372433965133,459.1461983082513
145.34614702893387,460.29842421635647
141.02529987353958,461.0185654089222
139.87307396543446,462.31481955554045
134.5807680383932,462.4660282963131
109.68997327244486,462.89272763515794
77.68752285908276,463.74612631284765
56.494789029789615,464.0305925387441
34.021957183962,464.3150587646407
44.1205082032896,466.87525479770966
55.499157239151714,467.44418724950276
88.92393878199661,468.8665183789855
118.08172693639324,469.2932177178303
147.0972819778416,470.0043832825717
183.08225955375548,470.85778196026143
217.43085094636064,471.32245171495003
236.95870660351073,471.75321323679884
238.39457834300708,473.33267215024483
238.39457834300708,474.9121310636908
236.38435790771217,476.2044156292375
231.35880681947503,476.77876432503604
223.4615122522452,477.20952584688496
195.17483898416754,477.92746171663305
165.45229397659344,478.64539758638114
132.85800549002664,478.93257193428036
100.981652873208,478.5018104124314
86.3357611303454,479.2197462821795
92.65359678412928,479.79409497797815
91.3613122185826,481.08637954352486
93.94588134967599,481.3735538914241
92.51000961017967,482.95301280487007
99.25860678581242,481.9479025872226
99.11501961186278,483.3837743267189
105.28926809169704,483.3837743267189
122.37437888621454,483.7896348085383
124.96291455465779,484.7962875684884
122.37437888621456,485.22771017989567
119.06680553209263,486.665785551253
106.4117422641479,487.3848232369317
79.66354035690112,486.95340062552447
50.18299524407534,488.53528353401754
44.57450129578166,488.822898608289
44.143078684374444,490.1171664425106
44.57450129578166,491.98666442527514
42.99261838728856,492.5618945738181
35.65843399336606,492.9933171852253
37.24031690185913,494.1437774823112
33.069898324922804,495.15043024226134
38.39077719894502,495.72566039080425
48.02588218703929,496.01327546507576
56.05793426410679,496.9571011207325
60.97060923917806,497.67955332294883
67.76165994001187,499.1244577273816
76.72006724749477,499.8469099295979
102.24208430507258,500.6289455911819
135.0507202489749,501.8524165910225
164.91652692662538,503.0020460609611
198.0815707300387,503.7873349091168
212.9050160934849,504.57071101714695
216.60903326716038,504.867032391041
212.46053403264386,506.34863926051116
207.42307067644526,506.49679994745816
204.01537487666388,506.7931213213522
190.97723442532634,507.3857640691403
142.7016515303909,508.6256690605288
113.06210369324924,508.92058993453026
86.07684372212023,509.6578921195338
75.75461313207092,509.80535255653444
74.57492963606526,510.6901151785387
73.69016701406105,511.7223382375436
64.69508035701804,511.7223382375436
63.220475987010985,513.3444030445514
61.74587161700393,513.7867843555536
59.828885935994776,513.9342447925542
58.79666287698984,515.7037700365627
60.41872768399759,516.7359930955676
64.40015948301665,517.3258348435704
72.95286482905753,517.1783744065697
85.63446241111818,518.0631370285739
99.64320392618515,519.2428205245795
111.44003888624158,521.1598062055887
95.95669300116754,522.0445688275929
74.28000876206389,524.4039358196042
63.36793642401173,526.468381937614
57.61697938098425,528.975209366626
63.073015550010325,530.1548928626316
71.92064177005265,530.0074324256309
99.00838098014246,531.9988796336963
132.50283997333088,532.5943366824641
166.9364341014132,533.8881654804494
200.3235570607762,534.8369132862368
211.04420901900494,535.4408936782497
215.72505705710483,535.4408936782497
217.83898842914994,535.591888776253
217.98998352715316,537.5548250502949
215.87605215510806,539.064776030327
209.83624823497917,540.2727368143528
201.6825129428052,539.9707466183463
178.88225314431872,541.6316926963817
152.00512569974526,543.141643676414
136.75462080141986,543.2926387744172
113.50137570892369,543.8966191664301
102.17674335868206,544.500599558443
96.5877736272612,544.3474533551382
94.16037949760106,545.5611504199683
98.86345562381761,546.0162868192796
102.65625895141163,546.4714232185909
116.46206306385382,547.0782717510059
143.84182539687737,547.6173594223727
174.98579372826725,548.533358490943
202.77109880823272,549.4493575595134
228.41907272820083,549.9073570937985
237.27373039104694,550.518023139512
226.12907505677506,552.0446882537958
229.3350717967711,553.2660203452228
225.2130759882048,554.48735243665
230.86173691105492,555.4033515052203
223.38107785106422,557.0826831309324
212.38908902822072,556.930016619504
210.55709089108015,558.4566817337878
174.37512768255365,558.9146812680731
168.4211337368467,560.1360133595
175.2911267511239,561.2046789394988
180.63445465111724,560.7466794052136
180.48178813968886,562.4260110309258
183.22978534539973,562.7313440537825
181.55045371968754,563.9526761452096
159.87180909685733,564.105342656638
117.88851845405237,565.7846742823502
100.63720266264524,566.3953403280638
114.22452217977123,566.8533398623489
109.94985985977655,568.2273384652043
119.87318310262137,568.0746719537759
155.7498132882911,569.296004045203
188.0059455312753,569.6989056928004
207.6400554348455,570.312471627287
211.16805955814326,570.6192545945303
214.5426721978194,571.2328205290169
216.69015296852237,572.9201268488549
213.1621488452246,573.6870842669631
207.02648950035893,574.4540416850713
188.6195114657619,575.0676076195579
155.44763755740865,575.0600745041417
122.72510924650942,575.3673282910985
91.38522297691588,575.981835865012
65.57590487254468,577.0572241193609
42.070990170349475,578.4398661606665
36.54042200512707,578.5934930541449
35.157779963821454,579.5152544150153
32.39249588121025,580.1297619889289
33.77513792251587,580.7442695628425
32.54612277468867,581.6660309237129
34.38964549642948,582.7414191780617
35.31140685729987,583.9704343258888
34.38964549642948,585.3530763671945
29.780838692077467,585.3530763671945
26.861927715987875,585.5067032606729
24.557524313811868,585.9675839411082
24.25027052685506,587.6574797693705
15.800791385543079,589.9618831715464
22.406747805114293,590.2691369585033
28.398196650771894,591.8054058932873
28.55182354425031,593.0344210411145
33.00700345512391,593.8025555085064
37.1549295790407,594.7243168693769
51.74948445948871,595.6460782302473
54.82202232905675,597.3359740585097
70.03108478341835,597.3359740585097
82.62849004864717,598.2577354193802
81.39947490081997,599.333123673729
88.1590582138696,599.7940043541641
77.86605635081676,601.1766463954698
74.33263780081356,600.869392608513
74.79351848124878,602.405661543297
42.37824395730631,602.8665422237322
47.908812122528744,604.0955573715594
47.60155833557194,605.7854531998217
48.676946589920746,607.4753490280841
52.05673824644553,607.1680952411273
55.743783689927156,607.6289759215625
57.28005262471116,609.0116179628682
62.810620789933566,609.1652448563465
65.57590487254477,610.2406331106953
60.50621738775759,610.7015137911305
55.43652990297038,612.2377827259145
50.21321552470479,612.5450365128713
45.60440872035278,613.1595440867849
51.13497688557521,614.6958130215689
62.19611321602005,614.2349323411337
96.30128356822496,615.0030668085257
135.01526072478185,616.3857088498313
172.03934205307633,617.0002164237449
206.45176619223798,618.2292315715721
207.37352755310837,619.7655005063561
213.5186032922444,620.072754293313
216.89839494876918,621.3017694411401
215.2084991205068,622.8380383759242
208.44891580745715,623.2989190563593
178.3380446856907,623.913426630273
176.80671178644184,625.009264174696
172.52490291118735,625.4680294113305
172.52490291118735,627.1501686123233
162.12622421414068,626.9972468667785
132.30648383290395,627.9147773400474
102.79258694275678,628.6793860677715
84.59489922292518,629.7498382865851
81.68938605757391,630.5144470143091
69.30272466844482,631.2790557420332
58.751124225853374,631.8907427242125
42.08265396146979,632.1965862153021
30.15475780897509,632.3495079608468
29.695992572340685,634.1845689073845
31.072288282243903,635.1020993806533
33.671957956505565,636.3254733450117
36.883314612946464,636.7842385816462
46.670306327813904,636.9371603271909
49.269976002075566,636.7842385816462
52.940097895150814,637.3959255638254
57.833593752584534,638.0076125460047
58.29235898921894,639.6897517469976
56.304376297136486,639.8426734925423
52.940097895150785,641.8306561846248
65.17383753873511,641.6777344390799
73.89037703478894,641.5248126935352
101.56921297839841,642.2894214212592
138.57627540024086,643.3598736400728
173.28951163891128,643.9715606222521
190.4167471399293,644.5832476044314
199.7449736181623,644.889091095521
204.63846947559603,645.1949345866107
205.70892169440964,646.2653868054242
199.8978953637071,646.8770737876034
191.1813558676533,647.1829172786931
180.32391193397225,647.7946042608723
174.81872909435933,647.9475260064171
172.37198116564247,648.100447751962
128.9422054309183,648.7121347341412
105.39225661701856,649.4767434618652
95.91110839324072,649.4767434618652
94.5348126833375,650.7001174262236
98.6636998130472,651.1588826628581
103.71011741602572,651.1588826628581
107.83900454573543,651.4647261539477
111.50912643881071,652.5351783727613
111.2032829477211,654.2173175737541
104.78056963483937,654.6760828103885
96.67571712096478,654.9819263014781
94.22896919224792,654.8290045559334
58.904045971398304,656.2053002658366
70.22025514171376,657.428674230195
78.93679463776756,658.0403612123743
83.67736874965648,658.1932829579191
93.15851697343429,658.6520481945536
88.1120993704558,660.6400308866359
91.17053428135186,661.0987961232704
89.33547333481421,662.6280135787184
93.61728221006872,663.0867788153529
107.53316105464584,663.0867788153529
108.29776978236985,664.7689180163457
112.42665691207957,664.463074525256
128.7892836853735,665.0747615074354
133.37693605171762,666.1452137262489
137.19997969033773,666.7569007084281
139.64672761905456,667.8273529272418
137.35290143588253,670.2741008559587
129.2480489220079,670.5799443470484
123.74286608239503,670.5799443470484
104.47472614374978,671.6503965658619
73.58453354369946,673.3325357668548
52.78717614960618,675.6263619500269
38.259610322849824,676.3909706777508
35.65994064858819,676.5438924232957
31.836897009968098,677.4614228965645
36.271627630767384,678.531875115378
34.58948842977456,679.9081708252813
35.81286239413298,681.5903100262742
34.895331920864166,683.5782927183566
37.49500159512583,684.3429014460806
41.623888724835524,685.2604319193495
45.905697600090036,686.3308841381631
56.45729804268149,687.2484146114319
66.5501332486385,686.7896493747976
69.9144116506242,689.542240794604
75.2666727446923,688.4717885757905
81.53646431202927,689.0834755579697
83.52444700411169,690.0010060312385
82.75983827638768,691.988988723321
79.70140336549161,693.0594409421346
73.12576830706504,694.2828149064931
68.53811594072096,695.2003453797619
65.63260277536969,695.0474236342171
48.96413251098609,695.200345379762
39.33006254166348,695.8120323619412
36.577471121857016,696.72956283521
33.213192719871316,696.4237193441204
31.9898187555129,698.7175455272924
29.69599257234084,699.023389018382
22.81451402282468,699.1763107639268
16.697644201032546,699.787997746106
24.955418460451938,700.7055282193749
24.037887987183126,702.0818239292781
26.79047940698959,702.6935109114573
25.87294893372075,703.9168848758158
28.625540353527214,705.4461023312638
7.981104704978748,706.6694762956222
22.967435768369484,707.7399285144359
28.625540353527214,709.5749894609735
33.21319271987133,710.1866764431527
37.495001595125814,711.562972153056
48.811210765441274,712.0217373896903
56.304376297136656,712.3275808807799
78.47802940113317,713.3980330995936
93.3114387189791,713.092189608504
113.9558743675276,714.1626418273177
138.27043190915134,714.9272505550417
155.55058915571416,715.9977027738554
161.82038072305107,717.2210767382138
149.8924845705564,717.5269202293034
132.6123273239936,717.9856854659379
119.76690069823012,719.2090594302963
139.03504063687535,720.2795116491098
143.77561474876427,720.1265899035651
155.39766741016936,721.044120376834
163.04375468740955,721.6558073590132
170.07815498247052,721.9616508501028
172.06613767455295,723.4908683055509
173.1365898933666,724.5613205243644
174.0541203666354,726.7022249619918
165.9492678527608,727.1609901986261
146.83404965966034,727.9255989263502
108.45069152791461,728.3843641629846
81.99522954866359,729.4548163817982
68.84395943181048,730.2194251095223
72.36115957934095,730.6781903461567
68.99688117735528,732.3603295471496
70.98486386943773,733.1249382748736
51.41088043970285,733.4307817659632
36.2716276307673,734.0424687481425
48.19952378326197,735.2658427125009
46.364462836724314,736.9479819134937
50.79919345752363,737.8655123867625
30.61352304560957,739.0888863511209
8.134026450523436,740.1593385699346
17.30933118321167,741.8414777709274
31.07228828224399,742.4531647531068
43.764793162462695,742.9119299897411
50.187506475344435,743.9823822085548
42.38849745255945,743.82946046301
45.294010617910715,745.6645214095477
32.1427405010576,746.7349736283612
48.65828901989639,747.9583475927196
38.41253206839457,748.8758780659884
26.025870679265466,749.6404867937125
11.80414834359874,750.2521737758917
25.720027188175862,752.5459999590638
34.74241017531929,752.2401564679742
51.105036948613304,753.3106086867879
64.10338531992159,753.6164521778775
69.30272466844494,754.8398261422359
55.69268931495742,754.9927478877808
64.10338531992161,755.60443486996
48.35244552880684,756.9807305798632
64.25630706546642,756.9807305798632
59.209889462487894,758.6628697808561
73.73745528924425,758.5099480353113
80.00724685658119,758.3570262897665
99.42830854077127,758.815791526401
123.58994433685025,759.7333219996699
155.5505891557142,759.8862437452146
188.5816861933918,760.9566959640283
211.82579151620195,761.5683829462076
223.60076592315184,761.8742264372972
229.25887050830957,761.7213046917525
232.47022716475044,762.791756910566
226.6592008340479,763.2505221472005
230.94100970930242,764.7797396026485
216.2605221370013,765.6972700759173
199.8978953637073,766.4618788036413
213.96669595382923,767.9910962590894
224.51829639642068,767.6852527679998
236.14034905782577,767.5323310224551
238.74001873208744,767.9910962590894
238.28125349545303,770.8966094244407
233.2348358924745,772.1199833887991
227.42380956177195,772.4258268798887
219.47187879344213,772.8845921165232
226.9892851551092,774.0978096402337
234.10155149513847,774.5616530971921
237.81229915080593,774.8708820684977
238.27614260776434,776.4170269250259
238.27614260776434,778.8908586954708
216.0116566737597,779.0454731811236
180.60493945926615,779.3547021524294
161.43274323831773,779.9731600950405
163.90657500876273,781.210075980263
155.86662175481658,781.8285339228743
165.60733435094363,783.2200642937496
157.41276661134472,784.3023656933192
167.15347920747178,784.3023656933192
164.67964743702683,785.8485105498473
168.6996240639999,786.157739521153
172.41037171966735,787.2400409207227
168.8542385496527,788.0131133489867
168.5450095783471,789.7138726911676
162.51504463788748,790.177716148126
179.36802357404386,791.878475490307
166.68963575051342,791.878475490307
158.9589114678729,793.1153913755294
167.15347920747183,793.8884638037935
163.5973460374572,795.7438376316272
167.30809369312465,795.2799941746688
164.9888764083325,796.8261390311969
168.0811661213887,797.4445969738081
163.28811706615159,799.145356315989
179.98648151665512,799.7638142586003
170.24576892052812,800.3822722012115
182.30569880144733,801.6191880864341
162.36043015223478,802.392260514698
170.70961237748654,802.5468750003508
165.29810537963817,804.2476343425318
172.25575723401465,803.9384053712262
170.55499789183375,805.3299357421015
174.420360033154,805.0207067707959
