Year,Month,Total Rainfall (mm),Date,Month Type,Year Type,Class
1896,1,0.0,1896-01-01,Dry,Dry,1895_Dry
1896,2,0.0,1896-02-01,Dry,Dry,1895_Dry
1896,4,0.0,1896-04-01,Dry,Dry,1895_Dry
1896,12,0.0,1896-12-01,Dry,Dry,1896_Dry
1897,1,0.0,1897-01-01,Dry,Dry,1896_Dry
1897,2,0.0,1897-02-01,Dry,Dry,1896_Dry
1897,12,0.0,1897-12-01,Dry,Dry,1897_Dry
1898,1,0.0,1898-01-01,Dry,Dry,1897_Dry
1898,3,0.0,1898-03-01,Dry,Dry,1897_Dry
1899,1,0.0,1899-01-01,Dry,Dry,1898_Dry
1899,2,0.0,1899-02-01,Dry,Dry,1898_Dry
1899,3,0.0,1899-03-01,Dry,Dry,1898_Dry
1899,12,0.0,1899-12-01,Dry,Dry,1899_Dry
1900,2,0.0,1900-02-01,Dry,Dry,1899_Dry
1900,3,0.0,1900-03-01,Dry,Dry,1899_Dry
1901,1,0.0,1901-01-01,Dry,Dry,1900_Dry
1901,4,0.0,1901-04-01,Dry,Dry,1900_Dry
1902,1,0.0,1902-01-01,Dry,Dry,1901_Dry
1902,4,0.0,1902-04-01,Dry,Dry,1901_Dry
1904,1,0.0,1904-01-01,Dry,Dry,1903_Dry
1906,3,0.0,1906-03-01,Dry,Dry,1905_Dry
1907,1,3.3,1907-01-01,Dry,Dry,1906_Dry
1907,2,8.55,1907-02-01,Dry,Dry,1906_Dry
1907,3,24.45,1907-03-01,Dry,Dry,1906_Dry
1907,4,16.2,1907-04-01,Dry,Dry,1906_Dry
1907,5,59.900000000000006,1907-05-01,Wet,Dry,1907_Wet
1907,6,104.8,1907-06-01,Wet,Dry,1907_Wet
1907,7,160.8,1907-07-01,Wet,Dry,1907_Wet
1907,8,66.55,1907-08-01,Wet,Dry,1907_Wet
1907,9,43.4,1907-09-01,Wet,Dry,1907_Wet
1907,10,10.049999999999999,1907-10-01,Dry,Dry,1907_Dry
1907,11,0.9,1907-11-01,Dry,Dry,1907_Dry
1907,12,0.0,1907-12-01,Dry,Dry,1907_Dry
1908,1,0.65,1908-01-01,Dry,Dry,1907_Dry
1908,2,0.25,1908-02-01,Dry,Dry,1907_Dry
1908,3,6.3,1908-03-01,Dry,Dry,
1908,4,23.099999999999998,1908-04-01,Dry,Dry,
1908,5,109.2,1908-05-01,Wet,Dry,1908_Wet
1908,6,69.45,1908-06-01,Wet,Dry,1908_Wet
1908,7,64.0,1908-07-01,Wet,Dry,1908_Wet
1908,8,24.95,1908-08-01,Dry,Dry,1908_Dry
1908,9,7.949999999999999,1908-09-01,Dry,Dry,1908_Dry
1908,10,20.4,1908-10-01,Dry,Dry,1908_Dry
1908,11,17.75,1908-11-01,Dry,Dry,1908_Dry
1908,12,13.45,1908-12-01,Dry,Dry,1908_Dry
1909,1,31.9,1909-01-01,Dry,Dry,1908_Dry
1909,2,22.5,1909-02-01,Dry,Dry,1908_Dry
1909,3,0.4,1909-03-01,Dry,Dry,1908_Dry
1909,4,29.700000000000003,1909-04-01,Dry,Dry,1908_Dry
1909,5,39.0,1909-05-01,Dry,Dry,1909_Dry
1909,6,82.75,1909-06-01,Wet,Dry,1909_Wet
1909,7,44.2,1909-07-01,Wet,Dry,1909_Wet
1909,8,166.54999999999998,1909-08-01,Wet,Dry,1909_Wet
1909,9,43.9,1909-09-01,Wet,Dry,1909_Wet
1909,10,38.0,1909-10-01,Dry,Dry,1909_Dry
1909,11,15.0,1909-11-01,Dry,Dry,1909_Dry
1909,12,1.65,1909-12-01,Dry,Dry,1909_Dry
1910,1,0.25,1910-01-01,Dry,Dry,1909_Dry
1910,2,57.45,1910-02-01,Wet,Dry,1909_Dry
1910,3,0.0,1910-03-01,Dry,Dry,
1910,4,1.15,1910-04-01,Dry,Dry,
1910,5,96.85,1910-05-01,Wet,Dry,1910_Wet
1910,6,111.05,1910-06-01,Wet,Dry,1910_Wet
1910,7,111.45,1910-07-01,Wet,Dry,1910_Wet
1910,8,31.35,1910-08-01,Dry,Dry,1910_Dry
1910,9,31.85,1910-09-01,Dry,Dry,1910_Dry
1910,10,23.9,1910-10-01,Dry,Dry,1910_Dry
1910,11,4.8,1910-11-01,Dry,Dry,1910_Dry
1910,12,13.15,1910-12-01,Dry,Dry,1910_Dry
1911,1,6.75,1911-01-01,Dry,Dry,
1911,2,1.65,1911-02-01,Dry,Dry,
1911,3,3.3499999999999996,1911-03-01,Dry,Dry,
1911,4,16.35,1911-04-01,Dry,Dry,
1911,5,41.15,1911-05-01,Wet,Dry,1911_Wet
1911,6,43.6,1911-06-01,Wet,Dry,1911_Wet
1911,7,60.099999999999994,1911-07-01,Wet,Dry,1911_Wet
1911,8,40.1,1911-08-01,Wet,Dry,1911_Wet
1911,9,12.8,1911-09-01,Dry,Dry,1911_Dry
1911,10,2.55,1911-10-01,Dry,Dry,1911_Dry
1911,11,0.65,1911-11-01,Dry,Dry,1911_Dry
1911,12,0.15,1911-12-01,Dry,Dry,1911_Dry
1912,1,34.5,1912-01-01,Dry,Dry,1911_Dry
1912,2,3.3,1912-02-01,Dry,Dry,
1912,3,0.15,1912-03-01,Dry,Dry,
1912,4,9.049999999999999,1912-04-01,Dry,Dry,
1912,5,83.14999999999999,1912-05-01,Wet,Dry,1912_Wet
1912,6,27.15,1912-06-01,Dry,Dry,
1912,7,103.0,1912-07-01,Wet,Dry,1912_Wet
1912,8,20.45,1912-08-01,Dry,Dry,
1912,9,45.55,1912-09-01,Wet,Dry,1912_Wet
1912,10,24.7,1912-10-01,Dry,Dry,1912_Dry
1912,11,11.4,1912-11-01,Dry,Dry,1912_Dry
1912,12,1.25,1912-12-01,Dry,Dry,1912_Dry
1913,1,5.75,1913-01-01,Dry,Dry,1912_Dry
1913,2,1.5,1913-02-01,Dry,Dry,1912_Dry
1913,3,15.8,1913-03-01,Dry,Dry,
1913,4,1.2,1913-04-01,Dry,Dry,
1913,5,6.0,1913-05-01,Dry,Dry,
1913,6,66.7,1913-06-01,Wet,Dry,1913_Wet
1913,7,66.6,1913-07-01,Wet,Dry,1913_Wet
1913,8,98.2,1913-08-01,Wet,Dry,1913_Wet
1913,9,57.25,1913-09-01,Wet,Dry,1913_Wet
1913,10,24.7,1913-10-01,Dry,Dry,1913_Dry
1913,11,1.15,1913-11-01,Dry,Dry,1913_Dry
1913,12,7.9,1913-12-01,Dry,Dry,1913_Dry
1914,1,7.0,1914-01-01,Dry,Dry,1913_Dry
1914,2,1.45,1914-02-01,Dry,Dry,1913_Dry
1914,3,0.0,1914-03-01,Dry,Dry,
1914,4,5.0,1914-04-01,Dry,Dry,
1914,5,7.85,1914-05-01,Dry,Dry,
1914,6,32.1,1914-06-01,Dry,Dry,
1914,7,40.55,1914-07-01,Wet,Dry,1914_Wet
1914,8,19.5,1914-08-01,Dry,Dry,1914_Dry
1914,9,2.1999999999999997,1914-09-01,Dry,Dry,1914_Dry
1914,10,13.85,1914-10-01,Dry,Dry,1914_Dry
1914,11,39.45,1914-11-01,Dry,Dry,1914_Dry
1914,12,9.0,1914-12-01,Dry,Dry,1914_Dry
1915,1,19.099999999999998,1915-01-01,Dry,Dry,
1915,2,78.5,1915-02-01,Wet,Dry,
1915,3,6.8999999999999995,1915-03-01,Dry,Dry,
1915,4,28.95,1915-04-01,Dry,Dry,
1915,5,43.95,1915-05-01,Wet,Dry,1915_Wet
1915,6,103.85,1915-06-01,Wet,Dry,1915_Wet
1915,7,98.45,1915-07-01,Wet,Dry,1915_Wet
1915,8,67.25,1915-08-01,Wet,Dry,1915_Wet
1915,9,38.15,1915-09-01,Dry,Dry,1915_Dry
1915,10,38.9,1915-10-01,Dry,Dry,1915_Dry
1915,11,3.95,1915-11-01,Dry,Dry,1915_Dry
1915,12,6.0,1915-12-01,Dry,Dry,1915_Dry
1916,1,104.95,1916-01-01,Wet,Dry,1915_Dry
1916,2,16.75,1916-02-01,Dry,Dry,
1916,3,1.15,1916-03-01,Dry,Dry,
1916,4,0.5,1916-04-01,Dry,Dry,
1916,5,34.1,1916-05-01,Dry,Dry,
1916,6,86.3,1916-06-01,Wet,Dry,1916_Wet
1916,7,66.6,1916-07-01,Wet,Dry,1916_Wet
1916,8,69.75,1916-08-01,Wet,Dry,1916_Wet
1916,9,3.05,1916-09-01,Dry,Dry,
1916,10,51.2,1916-10-01,Wet,Dry,1916_Wet
1916,11,9.15,1916-11-01,Dry,Dry,1916_Dry
1916,12,0.0,1916-12-01,Dry,Dry,1916_Dry
1917,1,0.0,1917-01-01,Dry,Wet,1916_Dry
1917,2,2.8,1917-02-01,Dry,Wet,1916_Dry
1917,3,93.45,1917-03-01,Wet,Wet,1916_Dry
1917,4,17.75,1917-04-01,Dry,Wet,
1917,5,51.0,1917-05-01,Wet,Wet,1917_Wet
1917,6,159.7,1917-06-01,Wet,Wet,1917_Wet
1917,7,138.29999999999998,1917-07-01,Wet,Wet,1917_Wet
1917,8,108.55,1917-08-01,Wet,Wet,1917_Wet
1917,9,85.85000000000001,1917-09-01,Wet,Wet,1917_Wet
1917,10,41.9,1917-10-01,Wet,Wet,1917_Wet
1917,11,0.15,1917-11-01,Dry,Wet,1917_Dry
1917,12,30.8,1917-12-01,Dry,Wet,1917_Dry
1918,1,7.1499999999999995,1918-01-01,Dry,Dry,1917_Dry
1918,2,73.55,1918-02-01,Wet,Dry,1917_Dry
1918,3,22.6,1918-03-01,Dry,Dry,1917_Dry
1918,4,81.8,1918-04-01,Wet,Dry,
1918,5,47.6,1918-05-01,Wet,Dry,1918_Wet
1918,6,142.15,1918-06-01,Wet,Dry,1918_Wet
1918,7,52.15,1918-07-01,Wet,Dry,1918_Wet
1918,8,55.449999999999996,1918-08-01,Wet,Dry,1918_Wet
1918,9,70.75,1918-09-01,Wet,Dry,1918_Wet
1918,10,22.95,1918-10-01,Dry,Dry,1918_Dry
1918,11,10.4,1918-11-01,Dry,Dry,1918_Dry
1918,12,0.65,1918-12-01,Dry,Dry,1918_Dry
1919,1,0.25,1919-01-01,Dry,Dry,1918_Dry
1919,2,0.75,1919-02-01,Dry,Dry,1918_Dry
1919,3,0.0,1919-03-01,Dry,Dry,
1919,4,31.3,1919-04-01,Dry,Dry,
1919,5,12.1,1919-05-01,Dry,Dry,
1919,6,69.4,1919-06-01,Wet,Dry,1919_Wet
1919,7,111.3,1919-07-01,Wet,Dry,1919_Wet
1919,8,83.9,1919-08-01,Wet,Dry,1919_Wet
1919,9,11.599999999999998,1919-09-01,Dry,Dry,1919_Dry
1919,10,7.9,1919-10-01,Dry,Dry,1919_Dry
1919,11,12.35,1919-11-01,Dry,Dry,1919_Dry
1919,12,15.350000000000001,1919-12-01,Dry,Dry,1919_Dry
1920,1,2.4,1920-01-01,Dry,Dry,1919_Dry
1920,2,0.75,1920-02-01,Dry,Dry,
1920,3,33.2,1920-03-01,Dry,Dry,
1920,4,9.2,1920-04-01,Dry,Dry,
1920,5,71.2,1920-05-01,Wet,Dry,1920_Wet
1920,6,99.25,1920-06-01,Wet,Dry,1920_Wet
1920,7,57.3,1920-07-01,Wet,Dry,1920_Wet
1920,8,108.7,1920-08-01,Wet,Dry,1920_Wet
1920,9,27.95,1920-09-01,Dry,Dry,1920_Dry
1920,10,6.3999999999999995,1920-10-01,Dry,Dry,1920_Dry
1920,11,1.05,1920-11-01,Dry,Dry,1920_Dry
1920,12,0.0,1920-12-01,Dry,Dry,1920_Dry
1921,1,6.25,1921-01-01,Dry,Dry,1920_Dry
1921,2,31.15,1921-02-01,Dry,Dry,
1921,3,21.7,1921-03-01,Dry,Dry,
1921,4,1.5,1921-04-01,Dry,Dry,
1921,5,154.8,1921-05-01,Wet,Dry,1921_Wet
1921,6,61.05,1921-06-01,Wet,Dry,1921_Wet
1921,7,58.099999999999994,1921-07-01,Wet,Dry,1921_Wet
1921,8,43.099999999999994,1921-08-01,Wet,Dry,1921_Wet
1921,9,48.24999999999999,1921-09-01,Wet,Dry,1921_Wet
1921,10,19.6,1921-10-01,Dry,Dry,1921_Dry
1921,11,3.7,1921-11-01,Dry,Dry,1921_Dry
1921,12,30.55,1921-12-01,Dry,Dry,1921_Dry
1922,1,1.15,1922-01-01,Dry,Dry,1921_Dry
1922,2,2.3,1922-02-01,Dry,Dry,1921_Dry
1922,3,10.4,1922-03-01,Dry,Dry,
1922,4,42.199999999999996,1922-04-01,Wet,Dry,
1922,5,24.65,1922-05-01,Dry,Dry,
1922,6,30.900000000000002,1922-06-01,Dry,Dry,
1922,7,68.3,1922-07-01,Wet,Dry,1922_Wet
1922,8,19.9,1922-08-01,Dry,Dry,1922_Dry
1922,9,18.25,1922-09-01,Dry,Dry,1922_Dry
1922,10,5.5,1922-10-01,Dry,Dry,1922_Dry
1922,11,0.65,1922-11-01,Dry,Dry,1922_Dry
1922,12,1.7000000000000002,1922-12-01,Dry,Dry,1922_Dry
1923,1,11.5,1923-01-01,Dry,Dry,1922_Dry
1923,2,25.700000000000003,1923-02-01,Dry,Dry,1922_Dry
1923,3,1.15,1923-03-01,Dry,Dry,1922_Dry
1923,4,32.9,1923-04-01,Dry,Dry,1922_Dry
1923,5,30.3,1923-05-01,Dry,Dry,1923_Dry
1923,6,204.55,1923-06-01,Wet,Dry,1923_Wet
1923,7,53.9,1923-07-01,Wet,Dry,1923_Wet
1923,8,29.25,1923-08-01,Dry,Dry,1923_Dry
1923,9,36.65,1923-09-01,Dry,Dry,1923_Dry
1923,10,7.4,1923-10-01,Dry,Dry,1923_Dry
1923,11,0.0,1923-11-01,Dry,Dry,1923_Dry
1923,12,0.0,1923-12-01,Dry,Dry,1923_Dry
1924,1,0.0,1924-01-01,Dry,Dry,1923_Dry
1924,2,4.45,1924-02-01,Dry,Dry,1923_Dry
1924,3,1.65,1924-03-01,Dry,Dry,1923_Dry
1924,4,0.8,1924-04-01,Dry,Dry,1923_Dry
1924,5,30.099999999999998,1924-05-01,Dry,Dry,1924_Dry
1924,6,76.9,1924-06-01,Wet,Dry,1924_Wet
1924,7,91.45,1924-07-01,Wet,Dry,1924_Wet
1924,8,70.2,1924-08-01,Wet,Dry,1924_Wet
1924,9,24.4,1924-09-01,Dry,Dry,1924_Dry
1924,10,38.05,1924-10-01,Dry,Dry,1924_Dry
1924,11,20.799999999999997,1924-11-01,Dry,Dry,1924_Dry
1924,12,0.0,1924-12-01,Dry,Dry,1924_Dry
1925,1,62.599999999999994,1925-01-01,Wet,Dry,1924_Dry
1925,2,16.2,1925-02-01,Dry,Dry,
1925,3,21.05,1925-03-01,Dry,Dry,
1925,4,0.5,1925-04-01,Dry,Dry,
1925,5,53.65,1925-05-01,Wet,Dry,1925_Wet
1925,6,118.94999999999999,1925-06-01,Wet,Dry,1925_Wet
1925,7,56.15,1925-07-01,Wet,Dry,1925_Wet
1925,8,18.549999999999997,1925-08-01,Dry,Dry,
1925,9,55.1,1925-09-01,Wet,Dry,1925_Wet
1925,10,11.95,1925-10-01,Dry,Dry,1925_Dry
1925,11,2.15,1925-11-01,Dry,Dry,1925_Dry
1925,12,30.25,1925-12-01,Dry,Dry,1925_Dry
1926,1,0.4,1926-01-01,Dry,Dry,1925_Dry
1926,2,4.2,1926-02-01,Dry,Dry,1925_Dry
1926,3,15.05,1926-03-01,Dry,Dry,
1926,4,43.15,1926-04-01,Wet,Dry,
1926,5,43.7,1926-05-01,Wet,Dry,1926_Wet
1926,6,74.0,1926-06-01,Wet,Dry,1926_Wet
1926,7,97.8,1926-07-01,Wet,Dry,1926_Wet
1926,8,42.400000000000006,1926-08-01,Wet,Dry,1926_Wet
1926,9,35.3,1926-09-01,Dry,Dry,1926_Dry
1926,10,30.2,1926-10-01,Dry,Dry,1926_Dry
1926,11,34.4,1926-11-01,Dry,Dry,1926_Dry
1926,12,6.6000000000000005,1926-12-01,Dry,Dry,1926_Dry
1927,1,0.0,1927-01-01,Dry,Dry,1926_Dry
1927,2,2.3,1927-02-01,Dry,Dry,
1927,3,109.3,1927-03-01,Wet,Dry,
1927,4,5.5,1927-04-01,Dry,Dry,
1927,5,43.65,1927-05-01,Wet,Dry,1927_Wet
1927,6,81.85,1927-06-01,Wet,Dry,1927_Wet
1927,7,94.1,1927-07-01,Wet,Dry,1927_Wet
1927,8,44.849999999999994,1927-08-01,Wet,Dry,1927_Wet
1927,9,54.25,1927-09-01,Wet,Dry,1927_Wet
1927,10,5.6,1927-10-01,Dry,Dry,1927_Dry
1927,11,0.65,1927-11-01,Dry,Dry,1927_Dry
1927,12,22.5,1927-12-01,Dry,Dry,1927_Dry
1928,1,10.3,1928-01-01,Dry,Dry,1927_Dry
1928,2,0.0,1928-02-01,Dry,Dry,1927_Dry
1928,3,10.15,1928-03-01,Dry,Dry,
1928,4,10.25,1928-04-01,Dry,Dry,
1928,5,49.45,1928-05-01,Wet,Dry,1928_Wet
1928,6,42.4,1928-06-01,Wet,Dry,1928_Wet
1928,7,110.89999999999999,1928-07-01,Wet,Dry,1928_Wet
1928,8,47.099999999999994,1928-08-01,Wet,Dry,1928_Wet
1928,9,25.099999999999998,1928-09-01,Dry,Dry,1928_Dry
1928,10,17.25,1928-10-01,Dry,Dry,1928_Dry
1928,11,0.9,1928-11-01,Dry,Dry,1928_Dry
1928,12,16.25,1928-12-01,Dry,Dry,1928_Dry
1929,1,0.4,1929-01-01,Dry,Dry,1928_Dry
1929,2,18.299999999999997,1929-02-01,Dry,Dry,
1929,3,2.05,1929-03-01,Dry,Dry,
1929,4,1.0,1929-04-01,Dry,Dry,
1929,5,83.8,1929-05-01,Wet,Dry,1929_Wet
1929,6,110.35,1929-06-01,Wet,Dry,1929_Wet
1929,7,38.050000000000004,1929-07-01,Dry,Dry,1929_Dry
1929,8,39.85,1929-08-01,Dry,Dry,1929_Dry
1929,9,7.3999999999999995,1929-09-01,Dry,Dry,1929_Dry
1929,10,6.1000000000000005,1929-10-01,Dry,Dry,1929_Dry
1929,11,32.45,1929-11-01,Dry,Dry,1929_Dry
1929,12,0.0,1929-12-01,Dry,Dry,1929_Dry
1930,1,0.0,1930-01-01,Dry,Dry,1929_Dry
1930,2,0.0,1930-02-01,Dry,Dry,1929_Dry
1930,3,18.7,1930-03-01,Dry,Dry,1929_Dry
1930,4,13.799999999999999,1930-04-01,Dry,Dry,1929_Dry
1930,5,25.15,1930-05-01,Dry,Dry,
1930,6,166.04999999999998,1930-06-01,Wet,Dry,1930_Wet
1930,7,83.35000000000001,1930-07-01,Wet,Dry,1930_Wet
1930,8,39.25,1930-08-01,Dry,Dry,1930_Dry
1930,9,28.349999999999998,1930-09-01,Dry,Dry,1930_Dry
1930,10,27.35,1930-10-01,Dry,Dry,1930_Dry
1930,11,1.9,1930-11-01,Dry,Dry,1930_Dry
1930,12,3.8,1930-12-01,Dry,Dry,1930_Dry
1931,1,0.0,1931-01-01,Dry,Dry,
1931,2,0.0,1931-02-01,Dry,Dry,
1931,3,2.55,1931-03-01,Dry,Dry,
1931,4,12.7,1931-04-01,Dry,Dry,
1931,5,123.45,1931-05-01,Wet,Dry,1931_Wet
1931,6,44.9,1931-06-01,Wet,Dry,1931_Wet
1931,7,84.8,1931-07-01,Wet,Dry,1931_Wet
1931,8,52.2,1931-08-01,Wet,Dry,1931_Wet
1931,9,50.6,1931-09-01,Wet,Dry,1931_Wet
1931,10,19.650000000000002,1931-10-01,Dry,Dry,1931_Dry
1931,11,37.75,1931-11-01,Dry,Dry,1931_Dry
1931,12,14.5,1931-12-01,Dry,Dry,1931_Dry
1932,1,19.85,1932-01-01,Dry,Dry,1931_Dry
1932,2,0.25,1932-02-01,Dry,Dry,1931_Dry
1932,3,37.0,1932-03-01,Dry,Dry,
1932,4,27.05,1932-04-01,Dry,Dry,
1932,5,86.2,1932-05-01,Wet,Dry,1932_Wet
1932,6,51.95,1932-06-01,Wet,Dry,1932_Wet
1932,7,92.35,1932-07-01,Wet,Dry,1932_Wet
1932,8,149.35,1932-08-01,Wet,Dry,1932_Wet
1932,9,22.099999999999998,1932-09-01,Dry,Dry,
1932,10,45.85,1932-10-01,Wet,Dry,1932_Wet
1932,11,0.75,1932-11-01,Dry,Dry,1932_Dry
1932,12,4.85,1932-12-01,Dry,Dry,1932_Dry
1933,1,1.4,1933-01-01,Dry,Dry,1932_Dry
1933,2,0.55,1933-02-01,Dry,Dry,1932_Dry
1933,3,23.35,1933-03-01,Dry,Dry,1932_Dry
1933,4,4.25,1933-04-01,Dry,Dry,
1933,5,72.55,1933-05-01,Wet,Dry,1933_Wet
1933,6,163.9,1933-06-01,Wet,Dry,1933_Wet
1933,7,51.9,1933-07-01,Wet,Dry,1933_Wet
1933,8,76.85,1933-08-01,Wet,Dry,1933_Wet
1933,9,19.15,1933-09-01,Dry,Dry,1933_Dry
1933,10,27.549999999999997,1933-10-01,Dry,Dry,1933_Dry
1933,11,15.1,1933-11-01,Dry,Dry,1933_Dry
1933,12,9.149999999999999,1933-12-01,Dry,Dry,1933_Dry
1934,1,29.5,1934-01-01,Dry,Dry,1933_Dry
1934,2,1.95,1934-02-01,Dry,Dry,
1934,3,129.75,1934-03-01,Wet,Dry,
1934,4,123.75,1934-04-01,Wet,Dry,
1934,5,11.7,1934-05-01,Dry,Dry,
1934,6,71.0,1934-06-01,Wet,Dry,1934_Wet
1934,7,65.6,1934-07-01,Wet,Dry,1934_Wet
1934,8,62.45,1934-08-01,Wet,Dry,1934_Wet
1934,9,20.0,1934-09-01,Dry,Dry,1934_Dry
1934,10,4.9,1934-10-01,Dry,Dry,1934_Dry
1934,11,7.4,1934-11-01,Dry,Dry,1934_Dry
1934,12,5.1,1934-12-01,Dry,Dry,1934_Dry
1935,1,24.45,1935-01-01,Dry,Dry,1934_Dry
1935,2,11.4,1935-02-01,Dry,Dry,1934_Dry
1935,3,31.599999999999998,1935-03-01,Dry,Dry,1934_Dry
1935,4,46.05,1935-04-01,Wet,Dry,1934_Dry
1935,5,9.15,1935-05-01,Dry,Dry,1935_Dry
1935,6,31.1,1935-06-01,Dry,Dry,1935_Dry
1935,7,106.95,1935-07-01,Wet,Dry,1935_Wet
1935,8,77.4,1935-08-01,Wet,Dry,1935_Wet
1935,9,18.65,1935-09-01,Dry,Dry,1935_Dry
1935,10,6.55,1935-10-01,Dry,Dry,1935_Dry
1935,11,1.05,1935-11-01,Dry,Dry,1935_Dry
1935,12,2.4,1935-12-01,Dry,Dry,1935_Dry
1936,1,0.55,1936-01-01,Dry,Dry,1935_Dry
1936,2,7.35,1936-02-01,Dry,Dry,
1936,3,6.25,1936-03-01,Dry,Dry,
1936,4,16.3,1936-04-01,Dry,Dry,
1936,5,29.8,1936-05-01,Dry,Dry,
1936,6,67.3,1936-06-01,Wet,Dry,1936_Wet
1936,7,38.4,1936-07-01,Dry,Dry,
1936,8,55.699999999999996,1936-08-01,Wet,Dry,1936_Wet
1936,9,22.85,1936-09-01,Dry,Dry,1936_Dry
1936,10,11.450000000000001,1936-10-01,Dry,Dry,1936_Dry
1936,11,19.1,1936-11-01,Dry,Dry,1936_Dry
1936,12,9.15,1936-12-01,Dry,Dry,1936_Dry
1937,1,3.4,1937-01-01,Dry,Dry,1936_Dry
1937,2,1.15,1937-02-01,Dry,Dry,
1937,3,0.65,1937-03-01,Dry,Dry,
1937,4,36.15,1937-04-01,Dry,Dry,
1937,5,78.39999999999999,1937-05-01,Wet,Dry,1937_Wet
1937,6,72.8,1937-06-01,Wet,Dry,1937_Wet
1937,7,13.65,1937-07-01,Dry,Dry,
1937,8,57.55,1937-08-01,Wet,Dry,1937_Wet
1937,9,27.25,1937-09-01,Dry,Dry,1937_Dry
1937,10,3.05,1937-10-01,Dry,Dry,1937_Dry
1937,11,4.45,1937-11-01,Dry,Dry,1937_Dry
1937,12,0.9,1937-12-01,Dry,Dry,1937_Dry
1938,1,2.55,1938-01-01,Dry,Dry,1937_Dry
1938,2,3.8499999999999996,1938-02-01,Dry,Dry,1937_Dry
1938,3,20.750000000000004,1938-03-01,Dry,Dry,1937_Dry
1938,4,38.85,1938-04-01,Dry,Dry,1937_Dry
1938,5,14.95,1938-05-01,Dry,Dry,1938_Dry
1938,6,22.6,1938-06-01,Dry,Dry,1938_Dry
1938,7,92.64999999999999,1938-07-01,Wet,Dry,1938_Wet
1938,8,42.5,1938-08-01,Wet,Dry,1938_Wet
1938,9,15.700000000000001,1938-09-01,Dry,Dry,1938_Dry
1938,10,5.1499999999999995,1938-10-01,Dry,Dry,1938_Dry
1938,11,10.4,1938-11-01,Dry,Dry,1938_Dry
1938,12,0.0,1938-12-01,Dry,Dry,1938_Dry
1939,1,23.349999999999998,1939-01-01,Dry,Dry,1938_Dry
1939,2,59.900000000000006,1939-02-01,Wet,Dry,
1939,3,5.6000000000000005,1939-03-01,Dry,Dry,
1939,4,1.65,1939-04-01,Dry,Dry,
1939,5,61.2,1939-05-01,Wet,Dry,1939_Wet
1939,6,130.0,1939-06-01,Wet,Dry,1939_Wet
1939,7,101.6,1939-07-01,Wet,Dry,1939_Wet
1939,8,65.7,1939-08-01,Wet,Dry,1939_Wet
1939,9,4.3,1939-09-01,Dry,Dry,1939_Dry
1939,10,25.95,1939-10-01,Dry,Dry,1939_Dry
1939,11,7.0,1939-11-01,Dry,Dry,1939_Dry
1939,12,0.75,1939-12-01,Dry,Dry,1939_Dry
1940,1,1.85,1940-01-01,Dry,Dry,1939_Dry
1940,2,0.0,1940-02-01,Dry,Dry,
1940,3,0.25,1940-03-01,Dry,Dry,
1940,4,1.9,1940-04-01,Dry,Dry,
1940,5,46.15,1940-05-01,Wet,Dry,1940_Wet
1940,6,77.7,1940-06-01,Wet,Dry,1940_Wet
1940,7,91.7,1940-07-01,Wet,Dry,1940_Wet
1940,8,15.649999999999999,1940-08-01,Dry,Dry,1940_Dry
1940,9,20.5,1940-09-01,Dry,Dry,1940_Dry
1940,10,26.35,1940-10-01,Dry,Dry,1940_Dry
1940,11,3.05,1940-11-01,Dry,Dry,1940_Dry
1940,12,6.750000000000001,1940-12-01,Dry,Dry,1940_Dry
1941,1,0.0,1941-01-01,Dry,Dry,
1941,2,16.4,1941-02-01,Dry,Dry,
1941,3,0.4,1941-03-01,Dry,Dry,
1941,4,70.85,1941-04-01,Wet,Dry,
1941,5,47.85,1941-05-01,Wet,Dry,1941_Wet
1941,6,90.75,1941-06-01,Wet,Dry,1941_Wet
1941,7,63.15,1941-07-01,Wet,Dry,1941_Wet
1941,8,50.0,1941-08-01,Wet,Dry,1941_Wet
1941,9,32.449999999999996,1941-09-01,Dry,Dry,1941_Dry
1941,10,20.95,1941-10-01,Dry,Dry,1941_Dry
1941,11,14.799999999999999,1941-11-01,Dry,Dry,1941_Dry
1941,12,2.75,1941-12-01,Dry,Dry,1941_Dry
1942,1,13.950000000000001,1942-01-01,Dry,Dry,1941_Dry
1942,2,1.3,1942-02-01,Dry,Dry,
1942,3,85.44999999999999,1942-03-01,Wet,Dry,
1942,4,43.05,1942-04-01,Wet,Dry,
1942,5,90.05000000000001,1942-05-01,Wet,Dry,1942_Wet
1942,6,89.3,1942-06-01,Wet,Dry,1942_Wet
1942,7,45.05,1942-07-01,Wet,Dry,1942_Wet
1942,8,56.199999999999996,1942-08-01,Wet,Dry,1942_Wet
1942,9,34.35,1942-09-01,Dry,Dry,1942_Dry
1942,10,9.399999999999999,1942-10-01,Dry,Dry,1942_Dry
1942,11,0.25,1942-11-01,Dry,Dry,1942_Dry
1942,12,9.15,1942-12-01,Dry,Dry,1942_Dry
1943,1,21.950000000000003,1943-01-01,Dry,Dry,1942_Dry
1943,2,31.5,1943-02-01,Dry,Dry,
1943,3,117.30000000000001,1943-03-01,Wet,Dry,
1943,4,15.4,1943-04-01,Dry,Dry,
1943,5,25.6,1943-05-01,Dry,Dry,
1943,6,69.3,1943-06-01,Wet,Dry,1943_Wet
1943,7,55.45,1943-07-01,Wet,Dry,1943_Wet
1943,8,49.5,1943-08-01,Wet,Dry,1943_Wet
1943,9,36.199999999999996,1943-09-01,Dry,Dry,1943_Dry
1943,10,10.5,1943-10-01,Dry,Dry,1943_Dry
1943,11,0.25,1943-11-01,Dry,Dry,1943_Dry
1943,12,16.1,1943-12-01,Dry,Dry,1943_Dry
1944,1,0.4,1944-01-01,Dry,Dry,1943_Dry
1944,2,0.0,1944-02-01,Dry,Dry,
1944,3,42.45,1944-03-01,Wet,Dry,
1944,4,14.45,1944-04-01,Dry,Dry,
1944,5,46.849999999999994,1944-05-01,Wet,Dry,1944_Wet
1944,6,53.6,1944-06-01,Wet,Dry,1944_Wet
1944,7,138.25,1944-07-01,Wet,Dry,1944_Wet
1944,8,59.4,1944-08-01,Wet,Dry,1944_Wet
1944,9,10.95,1944-09-01,Dry,Dry,1944_Dry
1944,10,1.25,1944-10-01,Dry,Dry,1944_Dry
1944,11,6.05,1944-11-01,Dry,Dry,1944_Dry
1944,12,8.95,1944-12-01,Dry,Dry,1944_Dry
1945,1,0.0,1945-01-01,Dry,Dry,1944_Dry
1945,2,14.75,1945-02-01,Dry,Dry,
1945,3,14.0,1945-03-01,Dry,Dry,
1945,4,4.3,1945-04-01,Dry,Dry,
1945,5,82.15,1945-05-01,Wet,Dry,1945_Wet
1945,6,247.6,1945-06-01,Wet,Dry,1945_Wet
1945,7,46.550000000000004,1945-07-01,Wet,Dry,1945_Wet
1945,8,88.5,1945-08-01,Wet,Dry,1945_Wet
1945,9,32.35,1945-09-01,Dry,Dry,1945_Dry
1945,10,5.2,1945-10-01,Dry,Dry,1945_Dry
1945,11,25.65,1945-11-01,Dry,Dry,1945_Dry
1945,12,7.35,1945-12-01,Dry,Dry,1945_Dry
1946,1,0.9,1946-01-01,Dry,Dry,1945_Dry
1946,2,0.4,1946-02-01,Dry,Dry,
1946,3,5.749999999999999,1946-03-01,Dry,Dry,
1946,4,17.0,1946-04-01,Dry,Dry,
1946,5,45.65,1946-05-01,Wet,Dry,1946_Wet
1946,6,114.55,1946-06-01,Wet,Dry,1946_Wet
1946,7,176.05,1946-07-01,Wet,Dry,1946_Wet
1946,8,58.8,1946-08-01,Wet,Dry,1946_Wet
1946,9,9.549999999999999,1946-09-01,Dry,Dry,1946_Dry
1946,10,0.65,1946-10-01,Dry,Dry,1946_Dry
1946,11,29.05,1946-11-01,Dry,Dry,1946_Dry
1946,12,0.65,1946-12-01,Dry,Dry,1946_Dry
1947,1,3.55,1947-01-01,Dry,Dry,1946_Dry
1947,2,10.25,1947-02-01,Dry,Dry,
1947,3,12.6,1947-03-01,Dry,Dry,
1947,4,24.25,1947-04-01,Dry,Dry,
1947,5,87.5,1947-05-01,Wet,Dry,1947_Wet
1947,6,65.0,1947-06-01,Wet,Dry,1947_Wet
1947,7,78.64999999999999,1947-07-01,Wet,Dry,1947_Wet
1947,8,27.749999999999996,1947-08-01,Dry,Dry,
1947,9,39.25,1947-09-01,Dry,Dry,
1947,10,88.55000000000001,1947-10-01,Wet,Dry,1947_Wet
1947,11,3.75,1947-11-01,Dry,Dry,1947_Dry
1947,12,0.0,1947-12-01,Dry,Dry,1947_Dry
1948,1,0.0,1948-01-01,Dry,Dry,1947_Dry
1948,2,0.0,1948-02-01,Dry,Dry,1947_Dry
1948,3,10.6,1948-03-01,Dry,Dry,1947_Dry
1948,4,35.0,1948-04-01,Dry,Dry,
1948,5,1.75,1948-05-01,Dry,Dry,
1948,6,54.1,1948-06-01,Wet,Dry,1948_Wet
1948,7,47.1,1948-07-01,Wet,Dry,1948_Wet
1948,8,62.5,1948-08-01,Wet,Dry,1948_Wet
1948,9,21.0,1948-09-01,Dry,Dry,1948_Dry
1948,10,3.6500000000000004,1948-10-01,Dry,Dry,1948_Dry
1948,11,27.95,1948-11-01,Dry,Dry,1948_Dry
1948,12,0.0,1948-12-01,Dry,Dry,1948_Dry
1949,1,1.25,1949-01-01,Dry,Dry,1948_Dry
1949,2,25.4,1949-02-01,Dry,Dry,1948_Dry
1949,3,6.1,1949-03-01,Dry,Dry,1948_Dry
1949,4,11.6,1949-04-01,Dry,Dry,1948_Dry
1949,5,2.7,1949-05-01,Dry,Dry,1949_Dry
1949,6,36.25,1949-06-01,Dry,Dry,1949_Dry
1949,7,117.1,1949-07-01,Wet,Dry,1949_Wet
1949,8,83.85,1949-08-01,Wet,Dry,1949_Wet
1949,9,48.05,1949-09-01,Wet,Dry,1949_Wet
1949,10,18.25,1949-10-01,Dry,Dry,1949_Dry
1949,11,20.9,1949-11-01,Dry,Dry,1949_Dry
1949,12,0.5,1949-12-01,Dry,Dry,1949_Dry
1950,1,3.3,1950-01-01,Dry,Dry,1949_Dry
1950,2,0.0,1950-02-01,Dry,Dry,1949_Dry
1950,3,0.0,1950-03-01,Dry,Dry,
1950,4,0.0,1950-04-01,Dry,Dry,
1950,5,104.8,1950-05-01,Wet,Dry,1950_Wet
1950,6,49.2,1950-06-01,Wet,Dry,1950_Wet
1950,7,61.55,1950-07-01,Wet,Dry,1950_Wet
1950,8,49.8,1950-08-01,Wet,Dry,1950_Wet
1950,9,29.699999999999996,1950-09-01,Dry,Dry,1950_Dry
1950,10,18.65,1950-10-01,Dry,Dry,1950_Dry
1950,11,8.35,1950-11-01,Dry,Dry,1950_Dry
1950,12,0.5,1950-12-01,Dry,Dry,1950_Dry
1951,1,18.450000000000003,1951-01-01,Dry,Dry,1950_Dry
1951,2,23.25,1951-02-01,Dry,Dry,
1951,3,2.3,1951-03-01,Dry,Dry,
1951,4,72.35,1951-04-01,Wet,Dry,
1951,5,27.15,1951-05-01,Dry,Dry,
1951,6,150.5,1951-06-01,Wet,Dry,1951_Wet
1951,7,83.55,1951-07-01,Wet,Dry,1951_Wet
1951,8,42.75,1951-08-01,Wet,Dry,1951_Wet
1951,9,42.7,1951-09-01,Wet,Dry,1951_Wet
1951,10,16.9,1951-10-01,Dry,Dry,1951_Dry
1951,11,0.95,1951-11-01,Dry,Dry,1951_Dry
1951,12,12.099999999999998,1951-12-01,Dry,Dry,1951_Dry
1952,1,4.35,1952-01-01,Dry,Dry,1951_Dry
1952,2,14.850000000000001,1952-02-01,Dry,Dry,1951_Dry
1952,3,4.449999999999999,1952-03-01,Dry,Dry,
1952,4,6.8,1952-04-01,Dry,Dry,
1952,5,42.949999999999996,1952-05-01,Wet,Dry,1952_Wet
1952,6,32.35,1952-06-01,Dry,Dry,
1952,7,77.8,1952-07-01,Wet,Dry,1952_Wet
1952,8,23.75,1952-08-01,Dry,Dry,1952_Dry
1952,9,25.900000000000002,1952-09-01,Dry,Dry,1952_Dry
1952,10,17.9,1952-10-01,Dry,Dry,1952_Dry
1952,11,3.6999999999999997,1952-11-01,Dry,Dry,1952_Dry
1952,12,1.7000000000000002,1952-12-01,Dry,Dry,1952_Dry
1953,1,0.0,1953-01-01,Dry,Dry,
1953,2,1.65,1953-02-01,Dry,Dry,
1953,3,38.35,1953-03-01,Dry,Dry,
1953,4,15.099999999999998,1953-04-01,Dry,Dry,
1953,5,111.8,1953-05-01,Wet,Dry,1953_Wet
1953,6,92.0,1953-06-01,Wet,Dry,1953_Wet
1953,7,52.0,1953-07-01,Wet,Dry,1953_Wet
1953,8,15.5,1953-08-01,Dry,Dry,1953_Dry
1953,9,10.7,1953-09-01,Dry,Dry,1953_Dry
1953,10,23.7,1953-10-01,Dry,Dry,1953_Dry
1953,11,4.1,1953-11-01,Dry,Dry,1953_Dry
1953,12,3.3,1953-12-01,Dry,Dry,1953_Dry
1954,1,32.9,1954-01-01,Dry,Dry,
1954,2,0.0,1954-02-01,Dry,Dry,
1954,3,0.0,1954-03-01,Dry,Dry,
1954,4,16.049999999999997,1954-04-01,Dry,Dry,
1954,5,45.15,1954-05-01,Wet,Dry,1954_Wet
1954,6,30.25,1954-06-01,Dry,Dry,
1954,7,71.3,1954-07-01,Wet,Dry,1954_Wet
1954,8,35.15,1954-08-01,Dry,Dry,1954_Dry
1954,9,16.75,1954-09-01,Dry,Dry,1954_Dry
1954,10,4.15,1954-10-01,Dry,Dry,1954_Dry
1954,11,4.199999999999999,1954-11-01,Dry,Dry,1954_Dry
1954,12,5.449999999999999,1954-12-01,Dry,Dry,1954_Dry
1955,1,29.8,1955-01-01,Dry,Dry,
1955,2,112.65,1955-02-01,Wet,Dry,
1955,3,0.75,1955-03-01,Dry,Dry,
1955,4,37.05,1955-04-01,Dry,Dry,
1955,5,68.55,1955-05-01,Wet,Dry,1955_Wet
1955,6,32.45,1955-06-01,Dry,Dry,
1955,7,51.599999999999994,1955-07-01,Wet,Dry,1955_Wet
1955,8,138.7,1955-08-01,Wet,Dry,1955_Wet
1955,9,22.45,1955-09-01,Dry,Dry,1955_Dry
1955,10,31.75,1955-10-01,Dry,Dry,1955_Dry
1955,11,0.0,1955-11-01,Dry,Dry,1955_Dry
1955,12,4.15,1955-12-01,Dry,Dry,1955_Dry
1956,1,0.0,1956-01-01,Dry,Dry,1955_Dry
1956,2,0.0,1956-02-01,Dry,Dry,
1956,3,10.2,1956-03-01,Dry,Dry,
1956,4,7.9,1956-04-01,Dry,Dry,
1956,5,101.6,1956-05-01,Wet,Dry,1956_Wet
1956,6,109.75,1956-06-01,Wet,Dry,1956_Wet
1956,7,101.15,1956-07-01,Wet,Dry,1956_Wet
1956,8,15.399999999999999,1956-08-01,Dry,Dry,1956_Dry
1956,9,5.25,1956-09-01,Dry,Dry,1956_Dry
1956,10,6.8,1956-10-01,Dry,Dry,1956_Dry
1956,11,4.35,1956-11-01,Dry,Dry,1956_Dry
1956,12,0.5,1956-12-01,Dry,Dry,1956_Dry
1957,1,5.5,1957-01-01,Dry,Dry,1956_Dry
1957,2,1.15,1957-02-01,Dry,Dry,1956_Dry
1957,3,14.85,1957-03-01,Dry,Dry,1956_Dry
1957,4,3.8,1957-04-01,Dry,Dry,1956_Dry
1957,5,37.6,1957-05-01,Dry,Dry,1957_Dry
1957,6,145.25,1957-06-01,Wet,Dry,1957_Wet
1957,7,26.849999999999998,1957-07-01,Dry,Dry,
1957,8,77.45,1957-08-01,Wet,Dry,1957_Wet
1957,9,6.5,1957-09-01,Dry,Dry,1957_Dry
1957,10,29.45,1957-10-01,Dry,Dry,1957_Dry
1957,11,0.0,1957-11-01,Dry,Dry,1957_Dry
1957,12,2.4,1957-12-01,Dry,Dry,1957_Dry
1958,1,17.5,1958-01-01,Dry,Dry,1957_Dry
1958,2,9.5,1958-02-01,Dry,Dry,
1958,3,15.25,1958-03-01,Dry,Dry,
1958,4,3.8,1958-04-01,Dry,Dry,
1958,5,71.7,1958-05-01,Wet,Dry,1958_Wet
1958,6,36.45,1958-06-01,Dry,Dry,
1958,7,201.45000000000002,1958-07-01,Wet,Dry,1958_Wet
1958,8,90.2,1958-08-01,Wet,Dry,1958_Wet
1958,9,66.95,1958-09-01,Wet,Dry,1958_Wet
1958,10,13.1,1958-10-01,Dry,Dry,1958_Dry
1958,11,14.850000000000001,1958-11-01,Dry,Dry,1958_Dry
1958,12,13.799999999999999,1958-12-01,Dry,Dry,1958_Dry
1959,1,1.5,1959-01-01,Dry,Dry,1958_Dry
1959,2,0.25,1959-02-01,Dry,Dry,1958_Dry
1959,3,8.549999999999999,1959-03-01,Dry,Dry,
1959,4,18.4,1959-04-01,Dry,Dry,
1959,5,9.399999999999999,1959-05-01,Dry,Dry,
1959,6,103.65,1959-06-01,Wet,Dry,1959_Wet
1959,7,28.0,1959-07-01,Dry,Dry,
1959,8,78.05,1959-08-01,Wet,Dry,1959_Wet
1959,9,4.8999999999999995,1959-09-01,Dry,Dry,1959_Dry
1959,10,24.15,1959-10-01,Dry,Dry,1959_Dry
1959,11,5.8999999999999995,1959-11-01,Dry,Dry,1959_Dry
1959,12,1.05,1959-12-01,Dry,Dry,1959_Dry
1960,1,15.0,1960-01-01,Dry,Dry,1959_Dry
1960,2,38.5,1960-02-01,Dry,Dry,
1960,3,63.2,1960-03-01,Wet,Dry,
1960,4,8.4,1960-04-01,Dry,Dry,
1960,5,72.85,1960-05-01,Wet,Dry,1960_Wet
1960,6,39.05,1960-06-01,Dry,Dry,
1960,7,134.4,1960-07-01,Wet,Dry,1960_Wet
1960,8,11.85,1960-08-01,Dry,Dry,1960_Dry
1960,9,20.15,1960-09-01,Dry,Dry,1960_Dry
1960,10,5.699999999999999,1960-10-01,Dry,Dry,1960_Dry
1960,11,0.25,1960-11-01,Dry,Dry,1960_Dry
1960,12,0.0,1960-12-01,Dry,Dry,1960_Dry
1961,1,16.25,1961-01-01,Dry,Dry,1960_Dry
1961,2,0.4,1961-02-01,Dry,Dry,1960_Dry
1961,3,1.8,1961-03-01,Dry,Dry,1960_Dry
1961,4,112.99999999999999,1961-04-01,Wet,Dry,1960_Dry
1961,5,35.0,1961-05-01,Dry,Dry,1961_Dry
1961,6,100.39999999999999,1961-06-01,Wet,Dry,1961_Wet
1961,7,43.8,1961-07-01,Wet,Dry,1961_Wet
1961,8,48.0,1961-08-01,Wet,Dry,1961_Wet
1961,9,8.049999999999999,1961-09-01,Dry,Dry,1961_Dry
1961,10,3.1999999999999997,1961-10-01,Dry,Dry,1961_Dry
1961,11,0.75,1961-11-01,Dry,Dry,1961_Dry
1961,12,2.15,1961-12-01,Dry,Dry,1961_Dry
1962,1,11.05,1962-01-01,Dry,Dry,1961_Dry
1962,2,6.1000000000000005,1962-02-01,Dry,Dry,
1962,3,11.350000000000001,1962-03-01,Dry,Dry,
1962,4,7.85,1962-04-01,Dry,Dry,
1962,5,137.35,1962-05-01,Wet,Dry,1962_Wet
1962,6,66.64999999999999,1962-06-01,Wet,Dry,1962_Wet
1962,7,51.2,1962-07-01,Wet,Dry,1962_Wet
1962,8,20.9,1962-08-01,Dry,Dry,1962_Dry
1962,9,15.55,1962-09-01,Dry,Dry,1962_Dry
1962,10,26.85,1962-10-01,Dry,Dry,1962_Dry
1962,11,10.7,1962-11-01,Dry,Dry,1962_Dry
1962,12,8.35,1962-12-01,Dry,Dry,1962_Dry
1963,1,53.7,1963-01-01,Wet,Wet,
1963,2,58.8,1963-02-01,Wet,Wet,
1963,3,11.0,1963-03-01,Dry,Wet,
1963,4,9.6,1963-04-01,Dry,Wet,
1963,5,157.45,1963-05-01,Wet,Wet,1963_Wet
1963,6,123.3,1963-06-01,Wet,Wet,1963_Wet
1963,7,100.95,1963-07-01,Wet,Wet,1963_Wet
1963,8,88.55,1963-08-01,Wet,Wet,1963_Wet
1963,9,16.5,1963-09-01,Dry,Wet,1963_Dry
1963,10,3.0,1963-10-01,Dry,Wet,1963_Dry
1963,11,6.8999999999999995,1963-11-01,Dry,Wet,1963_Dry
1963,12,6.8999999999999995,1963-12-01,Dry,Wet,1963_Dry
1964,1,1.4,1964-01-01,Dry,Dry,1963_Dry
1964,2,15.0,1964-02-01,Dry,Dry,
1964,3,27.5,1964-03-01,Dry,Dry,
1964,4,22.3,1964-04-01,Dry,Dry,
1964,5,3.8,1964-05-01,Dry,Dry,
1964,6,221.79999999999998,1964-06-01,Wet,Dry,1964_Wet
1964,7,116.5,1964-07-01,Wet,Dry,1964_Wet
1964,8,27.099999999999998,1964-08-01,Dry,Dry,1964_Dry
1964,9,27.6,1964-09-01,Dry,Dry,1964_Dry
1964,10,13.3,1964-10-01,Dry,Dry,1964_Dry
1964,11,1.3,1964-11-01,Dry,Dry,1964_Dry
1964,12,4.6,1964-12-01,Dry,Dry,1964_Dry
1965,1,2.8,1965-01-01,Dry,Dry,
1965,2,0.9,1965-02-01,Dry,Dry,
1965,3,23.950000000000003,1965-03-01,Dry,Dry,
1965,4,7.6499999999999995,1965-04-01,Dry,Dry,
1965,5,54.4,1965-05-01,Wet,Dry,1965_Wet
1965,6,144.25,1965-06-01,Wet,Dry,1965_Wet
1965,7,92.25,1965-07-01,Wet,Dry,1965_Wet
1965,8,59.1,1965-08-01,Wet,Dry,1965_Wet
1965,9,17.3,1965-09-01,Dry,Dry,1965_Dry
1965,10,34.8,1965-10-01,Dry,Dry,1965_Dry
1965,11,29.8,1965-11-01,Dry,Dry,1965_Dry
1965,12,1.05,1965-12-01,Dry,Dry,1965_Dry
1966,1,0.4,1966-01-01,Dry,Dry,1965_Dry
1966,2,16.25,1966-02-01,Dry,Dry,
1966,3,3.9,1966-03-01,Dry,Dry,
1966,4,102.95,1966-04-01,Wet,Dry,
1966,5,5.55,1966-05-01,Dry,Dry,
1966,6,68.0,1966-06-01,Wet,Dry,1966_Wet
1966,7,52.3,1966-07-01,Wet,Dry,1966_Wet
1966,8,44.8,1966-08-01,Wet,Dry,1966_Wet
1966,9,36.25,1966-09-01,Dry,Dry,1966_Dry
1966,10,15.399999999999999,1966-10-01,Dry,Dry,1966_Dry
1966,11,0.0,1966-11-01,Dry,Dry,1966_Dry
1966,12,0.15,1966-12-01,Dry,Dry,1966_Dry
1967,1,21.05,1967-01-01,Dry,Dry,1966_Dry
1967,2,0.9,1967-02-01,Dry,Dry,
1967,3,0.65,1967-03-01,Dry,Dry,
1967,4,13.85,1967-04-01,Dry,Dry,
1967,5,73.35,1967-05-01,Wet,Dry,1967_Wet
1967,6,130.5,1967-06-01,Wet,Dry,1967_Wet
1967,7,88.4,1967-07-01,Wet,Dry,1967_Wet
1967,8,36.95,1967-08-01,Dry,Dry,1967_Dry
1967,9,21.6,1967-09-01,Dry,Dry,1967_Dry
1967,10,12.85,1967-10-01,Dry,Dry,1967_Dry
1967,11,1.4,1967-11-01,Dry,Dry,1967_Dry
1967,12,22.2,1967-12-01,Dry,Dry,1967_Dry
1968,1,40.55,1968-01-01,Wet,Dry,
1968,2,21.9,1968-02-01,Dry,Dry,
1968,3,21.95,1968-03-01,Dry,Dry,
1968,4,45.25,1968-04-01,Wet,Dry,
1968,5,40.65,1968-05-01,Wet,Dry,1968_Wet
1968,6,224.75,1968-06-01,Wet,Dry,1968_Wet
1968,7,57.8,1968-07-01,Wet,Dry,1968_Wet
1968,8,50.25,1968-08-01,Wet,Dry,1968_Wet
1968,9,40.2,1968-09-01,Wet,Dry,1968_Wet
1968,10,15.05,1968-10-01,Dry,Dry,1968_Dry
1968,11,8.0,1968-11-01,Dry,Dry,1968_Dry
1968,12,0.0,1968-12-01,Dry,Dry,1968_Dry
1969,1,5.6,1969-01-01,Dry,Dry,1968_Dry
1969,2,12.450000000000001,1969-02-01,Dry,Dry,1968_Dry
1969,3,1.4,1969-03-01,Dry,Dry,
1969,4,11.5,1969-04-01,Dry,Dry,
1969,5,77.55,1969-05-01,Wet,Dry,1969_Wet
1969,6,53.55,1969-06-01,Wet,Dry,1969_Wet
1969,7,42.05,1969-07-01,Wet,Dry,1969_Wet
1969,8,15.799999999999999,1969-08-01,Dry,Dry,1969_Dry
1969,9,6.6,1969-09-01,Dry,Dry,1969_Dry
1969,10,2.4,1969-10-01,Dry,Dry,1969_Dry
1969,11,22.25,1969-11-01,Dry,Dry,1969_Dry
1969,12,9.75,1969-12-01,Dry,Dry,1969_Dry
1970,1,1.55,1970-01-01,Dry,Dry,1969_Dry
1970,2,99.65,1970-02-01,Wet,Dry,1969_Dry
1970,3,0.0,1970-03-01,Dry,Dry,1969_Dry
1970,4,33.1,1970-04-01,Dry,Dry,1969_Dry
1970,5,31.25,1970-05-01,Dry,Dry,1970_Dry
1970,6,123.55,1970-06-01,Wet,Dry,1970_Wet
1970,7,33.75,1970-07-01,Dry,Dry,
1970,8,26.25,1970-08-01,Dry,Dry,
1970,9,48.300000000000004,1970-09-01,Wet,Dry,1970_Wet
1970,10,17.0,1970-10-01,Dry,Dry,1970_Dry
1970,11,0.0,1970-11-01,Dry,Dry,1970_Dry
1970,12,23.75,1970-12-01,Dry,Dry,1970_Dry
1971,1,11.950000000000001,1971-01-01,Dry,Dry,1970_Dry
1971,2,12.95,1971-02-01,Dry,Dry,1970_Dry
1971,3,141.89999999999998,1971-03-01,Wet,Dry,
1971,4,2.7,1971-04-01,Dry,Dry,
1971,5,25.75,1971-05-01,Dry,Dry,
1971,6,55.8,1971-06-01,Wet,Dry,1971_Wet
1971,7,37.35,1971-07-01,Dry,Dry,
1971,8,49.4,1971-08-01,Wet,Dry,1971_Wet
1971,9,38.2,1971-09-01,Dry,Dry,1971_Dry
1971,10,30.8,1971-10-01,Dry,Dry,1971_Dry
1971,11,6.75,1971-11-01,Dry,Dry,1971_Dry
1971,12,1.25,1971-12-01,Dry,Dry,1971_Dry
1972,1,1.15,1972-01-01,Dry,Dry,1971_Dry
1972,2,5.199999999999999,1972-02-01,Dry,Dry,
1972,3,1.25,1972-03-01,Dry,Dry,
1972,4,3.5,1972-04-01,Dry,Dry,
1972,5,33.85,1972-05-01,Dry,Dry,
1972,6,52.65,1972-06-01,Wet,Dry,1972_Wet
1972,7,118.45,1972-07-01,Wet,Dry,1972_Wet
1972,8,81.0,1972-08-01,Wet,Dry,1972_Wet
1972,9,15.299999999999999,1972-09-01,Dry,Dry,1972_Dry
1972,10,22.049999999999997,1972-10-01,Dry,Dry,1972_Dry
1972,11,14.899999999999999,1972-11-01,Dry,Dry,1972_Dry
1972,12,0.5,1972-12-01,Dry,Dry,1972_Dry
1973,1,2.8,1973-01-01,Dry,Dry,1972_Dry
1973,2,1.65,1973-02-01,Dry,Dry,
1973,3,0.65,1973-03-01,Dry,Dry,
1973,4,21.5,1973-04-01,Dry,Dry,
1973,5,46.55,1973-05-01,Wet,Dry,1973_Wet
1973,6,56.4,1973-06-01,Wet,Dry,1973_Wet
1973,7,96.05,1973-07-01,Wet,Dry,1973_Wet
1973,8,50.85,1973-08-01,Wet,Dry,1973_Wet
1973,9,76.14999999999999,1973-09-01,Wet,Dry,1973_Wet
1973,10,9.05,1973-10-01,Dry,Dry,1973_Dry
1973,11,26.299999999999997,1973-11-01,Dry,Dry,1973_Dry
1973,12,16.4,1973-12-01,Dry,Dry,1973_Dry
1974,1,1.8,1974-01-01,Dry,Dry,1973_Dry
1974,2,4.45,1974-02-01,Dry,Dry,1973_Dry
1974,3,59.7,1974-03-01,Wet,Dry,
1974,4,41.0,1974-04-01,Wet,Dry,
1974,5,97.2,1974-05-01,Wet,Dry,1974_Wet
1974,6,74.5,1974-06-01,Wet,Dry,1974_Wet
1974,7,102.05,1974-07-01,Wet,Dry,1974_Wet
1974,8,60.0,1974-08-01,Wet,Dry,1974_Wet
1974,9,27.9,1974-09-01,Dry,Dry,1974_Dry
1974,10,19.2,1974-10-01,Dry,Dry,1974_Dry
1974,11,20.7,1974-11-01,Dry,Dry,1974_Dry
1974,12,0.0,1974-12-01,Dry,Dry,1974_Dry
1975,1,0.0,1975-01-01,Dry,Dry,1974_Dry
1975,2,13.350000000000001,1975-02-01,Dry,Dry,
1975,3,62.599999999999994,1975-03-01,Wet,Dry,
1975,4,100.6,1975-04-01,Wet,Dry,
1975,5,35.7,1975-05-01,Dry,Dry,
1975,6,70.19999999999999,1975-06-01,Wet,Dry,1975_Wet
1975,7,100.7,1975-07-01,Wet,Dry,1975_Wet
1975,8,27.75,1975-08-01,Dry,Dry,
1975,9,28.1,1975-09-01,Dry,Dry,
1975,10,42.8,1975-10-01,Wet,Dry,1975_Wet
1975,11,3.4000000000000004,1975-11-01,Dry,Dry,1975_Dry
1975,12,5.6,1975-12-01,Dry,Dry,1975_Dry
1976,1,10.6,1976-01-01,Dry,Dry,1975_Dry
1976,2,15.1,1976-02-01,Dry,Dry,1975_Dry
1976,3,9.7,1976-03-01,Dry,Dry,1975_Dry
1976,4,10.5,1976-04-01,Dry,Dry,
1976,5,33.45,1976-05-01,Dry,Dry,
1976,6,22.55,1976-06-01,Dry,Dry,
1976,7,12.85,1976-07-01,Dry,Dry,
1976,8,46.65,1976-08-01,Wet,Dry,1976_Wet
1976,9,19.65,1976-09-01,Dry,Dry,
1976,10,40.25,1976-10-01,Wet,Dry,1976_Wet
1976,11,17.3,1976-11-01,Dry,Dry,1976_Dry
1976,12,0.0,1976-12-01,Dry,Dry,1976_Dry
1977,1,2.0,1977-01-01,Dry,Dry,1976_Dry
1977,2,2.3,1977-02-01,Dry,Dry,1976_Dry
1977,3,1.4,1977-03-01,Dry,Dry,1976_Dry
1977,4,32.3,1977-04-01,Dry,Dry,
1977,5,27.0,1977-05-01,Dry,Dry,
1977,6,46.9,1977-06-01,Wet,Dry,1977_Wet
1977,7,15.35,1977-07-01,Dry,Dry,
1977,8,62.15,1977-08-01,Wet,Dry,1977_Wet
1977,9,3.1,1977-09-01,Dry,Dry,1977_Dry
1977,10,29.099999999999998,1977-10-01,Dry,Dry,1977_Dry
1977,11,0.6000000000000001,1977-11-01,Dry,Dry,1977_Dry
1977,12,7.5,1977-12-01,Dry,Dry,1977_Dry
1978,1,21.599999999999998,1978-01-01,Dry,Dry,1977_Dry
1978,2,24.5,1978-02-01,Dry,Dry,
1978,3,3.0,1978-03-01,Dry,Dry,
1978,4,41.2,1978-04-01,Wet,Dry,
1978,5,32.6,1978-05-01,Dry,Dry,
1978,6,64.6,1978-06-01,Wet,Dry,1978_Wet
1978,7,109.1,1978-07-01,Wet,Dry,1978_Wet
1978,8,22.95,1978-08-01,Dry,Dry,
1978,9,45.55,1978-09-01,Wet,Dry,1978_Wet
1978,10,10.1,1978-10-01,Dry,Dry,1978_Dry
1978,11,4.7,1978-11-01,Dry,Dry,1978_Dry
1978,12,20.75,1978-12-01,Dry,Dry,1978_Dry
1979,1,0.0,1979-01-01,Dry,Dry,1978_Dry
1979,2,6.3,1979-02-01,Dry,Dry,1978_Dry
1979,3,33.4,1979-03-01,Dry,Dry,
1979,4,16.3,1979-04-01,Dry,Dry,
1979,5,33.75,1979-05-01,Dry,Dry,
1979,6,41.8,1979-06-01,Wet,Dry,1979_Wet
1979,7,16.95,1979-07-01,Dry,Dry,
1979,8,48.7,1979-08-01,Wet,Dry,1979_Wet
1979,9,11.3,1979-09-01,Dry,Dry,1979_Dry
1979,10,1.9,1979-10-01,Dry,Dry,1979_Dry
1979,11,19.85,1979-11-01,Dry,Dry,1979_Dry
1979,12,1.7,1979-12-01,Dry,Dry,1979_Dry
1980,1,1.1,1980-01-01,Dry,Dry,1979_Dry
1980,2,1.5,1980-02-01,Dry,Dry,
1980,3,6.5,1980-03-01,Dry,Dry,
1980,4,29.6,1980-04-01,Dry,Dry,
1980,5,52.3,1980-05-01,Wet,Dry,1980_Wet
1980,6,66.3,1980-06-01,Wet,Dry,1980_Wet
1980,7,65.26666666666667,1980-07-01,Wet,Dry,1980_Wet
1980,8,40.06666666666667,1980-08-01,Wet,Dry,1980_Wet
1980,9,10.466666666666667,1980-09-01,Dry,Dry,1980_Dry
1980,10,14.833333333333334,1980-10-01,Dry,Dry,1980_Dry
1980,11,6.933333333333333,1980-11-01,Dry,Dry,1980_Dry
1980,12,0.0666666666666666,1980-12-01,Dry,Dry,1980_Dry
1981,1,5.066666666666666,1981-01-01,Dry,Dry,1980_Dry
1981,2,25.999999999999996,1981-02-01,Dry,Dry,
1981,3,0.4666666666666667,1981-03-01,Dry,Dry,
1981,4,0.0666666666666666,1981-04-01,Dry,Dry,
1981,5,100.26666666666667,1981-05-01,Wet,Dry,1981_Wet
1981,6,81.5,1981-06-01,Wet,Dry,1981_Wet
1981,7,70.63333333333333,1981-07-01,Wet,Dry,1981_Wet
1981,8,59.2,1981-08-01,Wet,Dry,1981_Wet
1981,9,14.7,1981-09-01,Dry,Dry,1981_Dry
1981,10,11.8,1981-10-01,Dry,Dry,1981_Dry
1981,11,9.766666666666667,1981-11-01,Dry,Dry,1981_Dry
1981,12,9.533333333333333,1981-12-01,Dry,Dry,1981_Dry
1982,1,35.36666666666667,1982-01-01,Dry,Dry,1981_Dry
1982,2,10.266666666666666,1982-02-01,Dry,Dry,
1982,3,11.4,1982-03-01,Dry,Dry,
1982,4,8.733333333333334,1982-04-01,Dry,Dry,
1982,5,19.433333333333334,1982-05-01,Dry,Dry,
1982,6,102.43333333333334,1982-06-01,Wet,Dry,1982_Wet
1982,7,37.06666666666667,1982-07-01,Dry,Dry,
1982,8,32.2,1982-08-01,Dry,Dry,
1982,9,64.66666666666666,1982-09-01,Wet,Dry,1982_Wet
1982,10,15.6,1982-10-01,Dry,Dry,1982_Dry
1982,11,1.0,1982-11-01,Dry,Dry,1982_Dry
1982,12,13.0,1982-12-01,Dry,Dry,1982_Dry
1983,1,1.1333333333333335,1983-01-01,Dry,Dry,1982_Dry
1983,2,0.8333333333333331,1983-02-01,Dry,Dry,1982_Dry
1983,3,3.0,1983-03-01,Dry,Dry,
1983,4,4.866666666666666,1983-04-01,Dry,Dry,
1983,5,16.866666666666667,1983-05-01,Dry,Dry,
1983,6,112.8,1983-06-01,Wet,Dry,1983_Wet
1983,7,89.13333333333334,1983-07-01,Wet,Dry,1983_Wet
1983,8,70.7,1983-08-01,Wet,Dry,1983_Wet
1983,9,45.43333333333333,1983-09-01,Wet,Dry,1983_Wet
1983,10,1.6666666666666667,1983-10-01,Dry,Dry,1983_Dry
1983,11,58.666666666666664,1983-11-01,Wet,Dry,1983_Dry
1983,12,43.233333333333334,1983-12-01,Wet,Dry,1983_Dry
1984,1,0.9666666666666667,1984-01-01,Dry,Dry,1983_Dry
1984,2,24.833333333333332,1984-02-01,Dry,Dry,1983_Dry
1984,3,54.43333333333334,1984-03-01,Wet,Dry,
1984,4,79.73333333333333,1984-04-01,Wet,Dry,
1984,5,125.06666666666666,1984-05-01,Wet,Dry,1984_Wet
1984,6,18.833333333333332,1984-06-01,Dry,Dry,
1984,7,41.9,1984-07-01,Wet,Dry,1984_Wet
1984,8,39.233333333333334,1984-08-01,Dry,Dry,1984_Dry
1984,9,38.0,1984-09-01,Dry,Dry,1984_Dry
1984,10,20.133333333333333,1984-10-01,Dry,Dry,1984_Dry
1984,11,27.299999999999997,1984-11-01,Dry,Dry,1984_Dry
1984,12,0.6666666666666666,1984-12-01,Dry,Dry,1984_Dry
1985,1,0.0,1985-01-01,Dry,Dry,1984_Dry
1985,2,27.23333333333333,1985-02-01,Dry,Dry,1984_Dry
1985,3,14.533333333333333,1985-03-01,Dry,Dry,1984_Dry
1985,4,2.133333333333333,1985-04-01,Dry,Dry,1984_Dry
1985,5,19.833333333333332,1985-05-01,Dry,Dry,1985_Dry
1985,6,37.03333333333333,1985-06-01,Dry,Dry,
1985,7,72.76666666666667,1985-07-01,Wet,Dry,1985_Wet
1985,8,53.46666666666666,1985-08-01,Wet,Dry,1985_Wet
1985,9,32.9,1985-09-01,Dry,Dry,1985_Dry
1985,10,9.299999999999999,1985-10-01,Dry,Dry,1985_Dry
1985,11,7.2,1985-11-01,Dry,Dry,1985_Dry
1985,12,10.933333333333334,1985-12-01,Dry,Dry,1985_Dry
1986,1,13.366666666666667,1986-01-01,Dry,Dry,1985_Dry
1986,2,43.3,1986-02-01,Wet,Dry,
1986,3,4.533333333333333,1986-03-01,Dry,Dry,
1986,4,5.266666666666666,1986-04-01,Dry,Dry,
1986,5,97.46666666666667,1986-05-01,Wet,Dry,1986_Wet
1986,6,129.83333333333334,1986-06-01,Wet,Dry,1986_Wet
1986,7,106.3,1986-07-01,Wet,Dry,1986_Wet
1986,8,49.33333333333333,1986-08-01,Wet,Dry,1986_Wet
1986,9,15.466666666666665,1986-09-01,Dry,Dry,1986_Dry
1986,10,19.733333333333334,1986-10-01,Dry,Dry,1986_Dry
1986,11,1.2666666666666666,1986-11-01,Dry,Dry,1986_Dry
1986,12,0.6666666666666666,1986-12-01,Dry,Dry,1986_Dry
1987,1,0.0,1987-01-01,Dry,Dry,1986_Dry
1987,2,3.1333333333333333,1987-02-01,Dry,Dry,
1987,3,15.733333333333334,1987-03-01,Dry,Dry,
1987,4,25.9,1987-04-01,Dry,Dry,
1987,5,27.53333333333333,1987-05-01,Dry,Dry,
1987,6,61.333333333333336,1987-06-01,Wet,Dry,1987_Wet
1987,7,77.93333333333334,1987-07-01,Wet,Dry,1987_Wet
1987,8,56.26666666666666,1987-08-01,Wet,Dry,1987_Wet
1987,9,13.73333333333333,1987-09-01,Dry,Dry,1987_Dry
1987,10,19.73333333333333,1987-10-01,Dry,Dry,1987_Dry
1987,11,26.4,1987-11-01,Dry,Dry,1987_Dry
1987,12,0.8,1987-12-01,Dry,Dry,1987_Dry
1988,1,0.2666666666666666,1988-01-01,Dry,Dry,1987_Dry
1988,2,5.066666666666666,1988-02-01,Dry,Dry,
1988,3,18.400000000000002,1988-03-01,Dry,Dry,
1988,4,39.13333333333333,1988-04-01,Dry,Dry,
1988,5,108.9,1988-05-01,Wet,Dry,1988_Wet
1988,6,73.63333333333333,1988-06-01,Wet,Dry,1988_Wet
1988,7,85.53333333333333,1988-07-01,Wet,Dry,1988_Wet
1988,8,75.53333333333333,1988-08-01,Wet,Dry,1988_Wet
1988,9,25.799999999999997,1988-09-01,Dry,Dry,1988_Dry
1988,10,13.8,1988-10-01,Dry,Dry,1988_Dry
1988,11,14.0,1988-11-01,Dry,Dry,1988_Dry
1988,12,13.999999999999998,1988-12-01,Dry,Dry,1988_Dry
1989,1,3.0666666666666664,1989-01-01,Dry,Dry,1988_Dry
1989,2,24.133333333333336,1989-02-01,Dry,Dry,
1989,3,1.2000000000000002,1989-03-01,Dry,Dry,
1989,4,23.799999999999997,1989-04-01,Dry,Dry,
1989,5,88.53333333333333,1989-05-01,Wet,Dry,1989_Wet
1989,6,65.2,1989-06-01,Wet,Dry,1989_Wet
1989,7,49.733333333333334,1989-07-01,Wet,Dry,1989_Wet
1989,8,17.866666666666667,1989-08-01,Dry,Dry,1989_Dry
1989,9,20.13333333333333,1989-09-01,Dry,Dry,1989_Dry
1989,10,18.133333333333333,1989-10-01,Dry,Dry,1989_Dry
1989,11,1.0333333333333332,1989-11-01,Dry,Dry,1989_Dry
1989,12,2.733333333333333,1989-12-01,Dry,Dry,1989_Dry
1990,1,110.80000000000001,1990-01-01,Wet,Dry,
1990,2,35.4,1990-02-01,Dry,Dry,
1990,3,5.333333333333333,1990-03-01,Dry,Dry,
1990,4,41.3,1990-04-01,Wet,Dry,
1990,5,55.03333333333333,1990-05-01,Wet,Dry,1990_Wet
1990,6,46.9,1990-06-01,Wet,Dry,1990_Wet
1990,7,76.26666666666667,1990-07-01,Wet,Dry,1990_Wet
1990,8,48.33333333333333,1990-08-01,Wet,Dry,1990_Wet
1990,9,37.06666666666667,1990-09-01,Dry,Dry,
1990,10,108.53333333333333,1990-10-01,Wet,Dry,1990_Wet
1990,11,1.333333333333333,1990-11-01,Dry,Dry,1990_Dry
1990,12,2.3333333333333335,1990-12-01,Dry,Dry,1990_Dry
1991,1,6.0,1991-01-01,Dry,Dry,1990_Dry
1991,2,2.5999999999999996,1991-02-01,Dry,Dry,1990_Dry
1991,3,2.866666666666667,1991-03-01,Dry,Dry,1990_Dry
1991,4,28.366666666666664,1991-04-01,Dry,Dry,
1991,5,23.4,1991-05-01,Dry,Dry,
1991,6,102.66666666666667,1991-06-01,Wet,Dry,1991_Wet
1991,7,85.0,1991-07-01,Wet,Dry,1991_Wet
1991,8,26.96666666666667,1991-08-01,Dry,Dry,1991_Dry
1991,9,25.26666666666667,1991-09-01,Dry,Dry,1991_Dry
1991,10,22.8,1991-10-01,Dry,Dry,1991_Dry
1991,11,42.53333333333333,1991-11-01,Wet,Dry,1991_Dry
1991,12,30.8,1991-12-01,Dry,Dry,1991_Dry
1992,1,3.5666666666666664,1992-01-01,Dry,Dry,1991_Dry
1992,2,11.133333333333333,1992-02-01,Dry,Dry,1991_Dry
1992,3,24.933333333333334,1992-03-01,Dry,Dry,1991_Dry
1992,4,58.53333333333334,1992-04-01,Wet,Dry,1991_Dry
1992,5,12.433333333333334,1992-05-01,Dry,Dry,1992_Dry
1992,6,101.8,1992-06-01,Wet,Dry,1992_Wet
1992,7,23.2,1992-07-01,Dry,Dry,
1992,8,127.26666666666667,1992-08-01,Wet,Dry,1992_Wet
1992,9,76.53333333333333,1992-09-01,Wet,Dry,1992_Wet
1992,10,9.066666666666666,1992-10-01,Dry,Dry,1992_Dry
1992,11,16.400000000000002,1992-11-01,Dry,Dry,1992_Dry
1992,12,5.266666666666667,1992-12-01,Dry,Dry,1992_Dry
1993,1,3.2666666666666666,1993-01-01,Dry,Dry,1992_Dry
1993,2,2.133333333333333,1993-02-01,Dry,Dry,1992_Dry
1993,3,3.133333333333333,1993-03-01,Dry,Dry,
1993,4,11.133333333333333,1993-04-01,Dry,Dry,
1993,5,98.86666666666666,1993-05-01,Wet,Dry,1993_Wet
1993,6,59.46666666666667,1993-06-01,Wet,Dry,1993_Wet
1993,7,60.333333333333336,1993-07-01,Wet,Dry,1993_Wet
1993,8,72.06666666666666,1993-08-01,Wet,Dry,1993_Wet
1993,9,35.13333333333333,1993-09-01,Dry,Dry,1993_Dry
1993,10,8.266666666666667,1993-10-01,Dry,Dry,1993_Dry
1993,11,24.666666666666668,1993-11-01,Dry,Dry,1993_Dry
1993,12,4.666666666666666,1993-12-01,Dry,Dry,1993_Dry
1994,1,0.0,1994-01-01,Dry,Dry,1993_Dry
1994,2,17.96666666666667,1994-02-01,Dry,Dry,
1994,3,0.1999999999999999,1994-03-01,Dry,Dry,
1994,4,0.0,1994-04-01,Dry,Dry,
1994,5,72.26666666666667,1994-05-01,Wet,Dry,1994_Wet
1994,6,53.79999999999999,1994-06-01,Wet,Dry,1994_Wet
1994,7,45.46666666666667,1994-07-01,Wet,Dry,1994_Wet
1994,8,62.46666666666667,1994-08-01,Wet,Dry,1994_Wet
1994,9,21.233333333333334,1994-09-01,Dry,Dry,1994_Dry
1994,10,4.466666666666666,1994-10-01,Dry,Dry,1994_Dry
1994,11,0.0,1994-11-01,Dry,Dry,1994_Dry
1994,12,0.0,1994-12-01,Dry,Dry,1994_Dry
1995,1,28.93333333333333,1995-01-01,Dry,Dry,1994_Dry
1995,2,12.933333333333332,1995-02-01,Dry,Dry,
1995,3,14.366666666666665,1995-03-01,Dry,Dry,
1995,4,34.333333333333336,1995-04-01,Dry,Dry,
1995,5,37.9,1995-05-01,Dry,Dry,
1995,6,78.43333333333332,1995-06-01,Wet,Dry,1995_Wet
1995,7,129.5,1995-07-01,Wet,Dry,1995_Wet
1995,8,13.333333333333332,1995-08-01,Dry,Dry,1995_Dry
1995,9,24.7,1995-09-01,Dry,Dry,1995_Dry
1995,10,20.8,1995-10-01,Dry,Dry,1995_Dry
1995,11,4.733333333333333,1995-11-01,Dry,Dry,1995_Dry
1995,12,1.2666666666666666,1995-12-01,Dry,Dry,1995_Dry
1996,1,0.0,1996-01-01,Dry,Dry,1995_Dry
1996,2,14.499999999999998,1996-02-01,Dry,Dry,1995_Dry
1996,3,0.0,1996-03-01,Dry,Dry,1995_Dry
1996,4,33.2,1996-04-01,Dry,Dry,1995_Dry
1996,5,24.46666666666667,1996-05-01,Dry,Dry,1996_Dry
1996,6,93.53333333333333,1996-06-01,Wet,Dry,1996_Wet
1996,7,144.16666666666666,1996-07-01,Wet,Dry,1996_Wet
1996,8,73.16666666666667,1996-08-01,Wet,Dry,1996_Wet
1996,9,49.56666666666667,1996-09-01,Wet,Dry,1996_Wet
1996,10,11.333333333333332,1996-10-01,Dry,Dry,1996_Dry
1996,11,31.666666666666664,1996-11-01,Dry,Dry,1996_Dry
1996,12,1.3333333333333333,1996-12-01,Dry,Dry,1996_Dry
1997,1,13.399999999999999,1997-01-01,Dry,Dry,1996_Dry
1997,2,7.666666666666667,1997-02-01,Dry,Dry,1996_Dry
1997,3,4.4,1997-03-01,Dry,Dry,
1997,4,63.099999999999994,1997-04-01,Wet,Dry,
1997,5,32.83333333333333,1997-05-01,Dry,Dry,
1997,6,37.233333333333334,1997-06-01,Dry,Dry,
1997,7,48.166666666666664,1997-07-01,Wet,Dry,1997_Wet
1997,8,93.6,1997-08-01,Wet,Dry,1997_Wet
1997,9,50.63333333333333,1997-09-01,Wet,Dry,1997_Wet
1997,10,16.0,1997-10-01,Dry,Dry,1997_Dry
1997,11,38.800000000000004,1997-11-01,Dry,Dry,1997_Dry
1997,12,0.0,1997-12-01,Dry,Dry,1997_Dry
1998,1,0.0,1998-01-01,Dry,Dry,1997_Dry
1998,2,0.0,1998-02-01,Dry,Dry,1997_Dry
1998,3,7.333333333333333,1998-03-01,Dry,Dry,
1998,4,1.7333333333333332,1998-04-01,Dry,Dry,
1998,5,102.73333333333333,1998-05-01,Wet,Dry,1998_Wet
1998,6,104.7,1998-06-01,Wet,Dry,1998_Wet
1998,7,97.73333333333333,1998-07-01,Wet,Dry,1998_Wet
1998,8,34.06666666666666,1998-08-01,Dry,Dry,1998_Dry
1998,9,33.9,1998-09-01,Dry,Dry,1998_Dry
1998,10,7.433333333333333,1998-10-01,Dry,Dry,1998_Dry
1998,11,0.1666666666666665,1998-11-01,Dry,Dry,1998_Dry
1998,12,22.8,1998-12-01,Dry,Dry,1998_Dry
1999,1,0.0,1999-01-01,Dry,Wet,
1999,2,0.0,1999-02-01,Dry,Wet,
1999,3,77.69999999999999,1999-03-01,Wet,Wet,
1999,4,17.4,1999-04-01,Dry,Wet,
1999,5,210.89999999999998,1999-05-01,Wet,Wet,1999_Wet
1999,6,83.5,1999-06-01,Wet,Wet,1999_Wet
1999,7,81.16666666666666,1999-07-01,Wet,Wet,1999_Wet
1999,8,37.93333333333333,1999-08-01,Dry,Wet,
1999,9,56.66666666666667,1999-09-01,Wet,Wet,1999_Wet
1999,10,35.86666666666667,1999-10-01,Dry,Wet,1999_Dry
1999,11,5.6,1999-11-01,Dry,Wet,1999_Dry
1999,12,23.2,1999-12-01,Dry,Wet,1999_Dry
2000,1,23.133333333333333,2000-01-01,Dry,Dry,1999_Dry
2000,2,1.3333333333333333,2000-02-01,Dry,Dry,1999_Dry
2000,3,77.60000000000001,2000-03-01,Wet,Dry,
2000,4,8.5,2000-04-01,Dry,Dry,
2000,5,6.6000000000000005,2000-05-01,Dry,Dry,
2000,6,34.2,2000-06-01,Dry,Dry,
2000,7,80.76666666666667,2000-07-01,Wet,Dry,2000_Wet
2000,8,54.9,2000-08-01,Wet,Dry,2000_Wet
2000,9,27.46666666666667,2000-09-01,Dry,Dry,2000_Dry
2000,10,0.4666666666666666,2000-10-01,Dry,Dry,2000_Dry
2000,11,1.6333333333333333,2000-11-01,Dry,Dry,2000_Dry
2000,12,8.266666666666667,2000-12-01,Dry,Dry,2000_Dry
2001,1,7.933333333333334,2001-01-01,Dry,Dry,2000_Dry
2001,2,2.8333333333333335,2001-02-01,Dry,Dry,
2001,3,4.833333333333333,2001-03-01,Dry,Dry,
2001,4,0.1333333333333333,2001-04-01,Dry,Dry,
2001,5,62.93333333333333,2001-05-01,Wet,Dry,2001_Wet
2001,6,15.76666666666667,2001-06-01,Dry,Dry,
2001,7,89.83333333333333,2001-07-01,Wet,Dry,2001_Wet
2001,8,30.133333333333333,2001-08-01,Dry,Dry,
2001,9,49.666666666666664,2001-09-01,Wet,Dry,2001_Wet
2001,10,35.266666666666666,2001-10-01,Dry,Dry,2001_Dry
2001,11,21.53333333333333,2001-11-01,Dry,Dry,2001_Dry
2001,12,0.0,2001-12-01,Dry,Dry,2001_Dry
2002,1,11.1,2002-01-01,Dry,Dry,2001_Dry
2002,2,8.0,2002-02-01,Dry,Dry,2001_Dry
2002,3,7.333333333333335,2002-03-01,Dry,Dry,
2002,4,19.96666666666667,2002-04-01,Dry,Dry,
2002,5,24.433333333333334,2002-05-01,Dry,Dry,
2002,6,44.23333333333334,2002-06-01,Wet,Dry,2002_Wet
2002,7,56.1,2002-07-01,Wet,Dry,2002_Wet
2002,8,40.166666666666664,2002-08-01,Wet,Dry,2002_Wet
2002,9,29.799999999999997,2002-09-01,Dry,Dry,2002_Dry
2002,10,15.399999999999999,2002-10-01,Dry,Dry,2002_Dry
2002,11,2.6666666666666665,2002-11-01,Dry,Dry,2002_Dry
2002,12,9.133333333333333,2002-12-01,Dry,Dry,2002_Dry
2003,1,0.0,2003-01-01,Dry,Dry,2002_Dry
2003,2,4.6,2003-02-01,Dry,Dry,
2003,3,27.666666666666668,2003-03-01,Dry,Dry,
2003,4,12.266666666666667,2003-04-01,Dry,Dry,
2003,5,67.23333333333333,2003-05-01,Wet,Dry,2003_Wet
2003,6,72.4,2003-06-01,Wet,Dry,2003_Wet
2003,7,54.2,2003-07-01,Wet,Dry,2003_Wet
2003,8,100.53333333333333,2003-08-01,Wet,Dry,2003_Wet
2003,9,56.266666666666666,2003-09-01,Wet,Dry,2003_Wet
2003,10,7.033333333333332,2003-10-01,Dry,Dry,2003_Dry
2003,11,17.3,2003-11-01,Dry,Dry,2003_Dry
2003,12,0.0,2003-12-01,Dry,Dry,2003_Dry
2004,1,5.199999999999999,2004-01-01,Dry,Dry,2003_Dry
2004,2,1.1666666666666665,2004-02-01,Dry,Dry,2003_Dry
2004,3,2.4666666666666663,2004-03-01,Dry,Dry,
2004,4,7.433333333333334,2004-04-01,Dry,Dry,
2004,5,56.43333333333334,2004-05-01,Wet,Dry,2004_Wet
2004,6,61.36666666666667,2004-06-01,Wet,Dry,2004_Wet
2004,7,65.10000000000001,2004-07-01,Wet,Dry,2004_Wet
2004,8,46.53333333333333,2004-08-01,Wet,Dry,2004_Wet
2004,9,40.4,2004-09-01,Wet,Dry,2004_Wet
2004,10,9.299999999999999,2004-10-01,Dry,Dry,2004_Dry
2004,11,6.866666666666666,2004-11-01,Dry,Dry,2004_Dry
2004,12,3.933333333333333,2004-12-01,Dry,Dry,2004_Dry
2005,1,3.1333333333333333,2005-01-01,Dry,Dry,2004_Dry
2005,2,3.333333333333333,2005-02-01,Dry,Dry,2004_Dry
2005,3,20.8,2005-03-01,Dry,Dry,
2005,4,18.133333333333333,2005-04-01,Dry,Dry,
2005,5,86.13333333333333,2005-05-01,Wet,Dry,2005_Wet
2005,6,107.9,2005-06-01,Wet,Dry,2005_Wet
2005,7,17.53333333333333,2005-07-01,Dry,Dry,
2005,8,80.53333333333333,2005-08-01,Wet,Dry,2005_Wet
2005,9,41.46666666666667,2005-09-01,Wet,Dry,2005_Wet
2005,10,14.8,2005-10-01,Dry,Dry,2005_Dry
2005,11,0.7999999999999998,2005-11-01,Dry,Dry,2005_Dry
2005,12,0.9333333333333332,2005-12-01,Dry,Dry,2005_Dry
2006,1,81.73333333333332,2006-01-01,Wet,Dry,2005_Dry
2006,2,20.733333333333334,2006-02-01,Dry,Dry,2005_Dry
2006,3,0.0,2006-03-01,Dry,Dry,2005_Dry
2006,4,12.8,2006-04-01,Dry,Dry,2005_Dry
2006,5,14.2,2006-05-01,Dry,Dry,2006_Dry
2006,6,14.4,2006-06-01,Dry,Dry,2006_Dry
2006,7,29.2,2006-07-01,Dry,Dry,2006_Dry
2006,8,36.6,2006-08-01,Dry,Dry,2006_Dry
2006,9,37.46666666666666,2006-09-01,Dry,Dry,2006_Dry
2006,10,2.333333333333334,2006-10-01,Dry,Dry,2006_Dry
2006,11,9.466666666666667,2006-11-01,Dry,Dry,2006_Dry
2006,12,25.4,2006-12-01,Dry,Dry,2006_Dry
2007,1,10.066666666666666,2007-01-01,Dry,Dry,2006_Dry
2007,2,4.7333333333333325,2007-02-01,Dry,Dry,2006_Dry
2007,3,0.6000000000000001,2007-03-01,Dry,Dry,2006_Dry
2007,4,4.133333333333334,2007-04-01,Dry,Dry,2006_Dry
2007,5,22.46666666666667,2007-05-01,Dry,Dry,2007_Dry
2007,6,25.066666666666666,2007-06-01,Dry,Dry,
2007,7,73.4,2007-07-01,Wet,Dry,2007_Wet
2007,8,27.066666666666666,2007-08-01,Dry,Dry,2007_Dry
2007,9,25.96666666666667,2007-09-01,Dry,Dry,2007_Dry
2007,10,14.266666666666667,2007-10-01,Dry,Dry,2007_Dry
2007,11,0.5333333333333332,2007-11-01,Dry,Dry,2007_Dry
2007,12,10.666666666666666,2007-12-01,Dry,Dry,2007_Dry
2008,1,2.333333333333333,2008-01-01,Dry,Dry,2007_Dry
2008,2,70.06666666666666,2008-02-01,Wet,Dry,2007_Dry
2008,3,17.2,2008-03-01,Dry,Dry,2007_Dry
2008,4,25.466666666666665,2008-04-01,Dry,Dry,2007_Dry
2008,5,10.799999999999999,2008-05-01,Dry,Dry,2008_Dry
2008,6,48.4,2008-06-01,Wet,Dry,2008_Wet
2008,7,118.13333333333333,2008-07-01,Wet,Dry,2008_Wet
2008,8,9.0,2008-08-01,Dry,Dry,2008_Dry
2008,9,37.233333333333334,2008-09-01,Dry,Dry,2008_Dry
2008,10,22.799999999999997,2008-10-01,Dry,Dry,2008_Dry
2008,11,8.066666666666666,2008-11-01,Dry,Dry,2008_Dry
2008,12,6.133333333333333,2008-12-01,Dry,Dry,2008_Dry
2009,1,7.2666666666666675,2009-01-01,Dry,Dry,
2009,2,0.0,2009-02-01,Dry,Dry,
2009,3,0.9333333333333332,2009-03-01,Dry,Dry,
2009,4,2.8666666666666667,2009-04-01,Dry,Dry,
2009,5,49.86666666666667,2009-05-01,Wet,Dry,2009_Wet
2009,6,85.69999999999999,2009-06-01,Wet,Dry,2009_Wet
2009,7,106.93333333333332,2009-07-01,Wet,Dry,2009_Wet
2009,8,49.63333333333333,2009-08-01,Wet,Dry,2009_Wet
2009,9,32.833333333333336,2009-09-01,Dry,Dry,2009_Dry
2009,10,12.033333333333331,2009-10-01,Dry,Dry,2009_Dry
2009,11,13.266666666666666,2009-11-01,Dry,Dry,2009_Dry
2009,12,3.6666666666666665,2009-12-01,Dry,Dry,2009_Dry
2010,1,0.0,2010-01-01,Dry,Dry,2009_Dry
2010,2,0.0,2010-02-01,Dry,Dry,
2010,3,28.46666666666667,2010-03-01,Dry,Dry,
2010,4,17.0,2010-04-01,Dry,Dry,
2010,5,46.53333333333333,2010-05-01,Wet,Dry,2010_Wet
2010,6,19.6,2010-06-01,Dry,Dry,
2010,7,69.26666666666667,2010-07-01,Wet,Dry,2010_Wet
2010,8,55.366666666666674,2010-08-01,Wet,Dry,2010_Wet
2010,9,7.499999999999999,2010-09-01,Dry,Dry,2010_Dry
2010,10,0.6666666666666664,2010-10-01,Dry,Dry,2010_Dry
2010,11,0.4666666666666666,2010-11-01,Dry,Dry,2010_Dry
2010,12,15.8,2010-12-01,Dry,Dry,2010_Dry
2011,1,19.2,2011-01-01,Dry,Dry,2010_Dry
2011,2,40.2,2011-02-01,Wet,Dry,
2011,3,2.166666666666667,2011-03-01,Dry,Dry,
2011,4,12.066666666666666,2011-04-01,Dry,Dry,
2011,5,88.86666666666667,2011-05-01,Wet,Dry,2011_Wet
2011,6,54.13333333333333,2011-06-01,Wet,Dry,2011_Wet
2011,7,73.93333333333334,2011-07-01,Wet,Dry,2011_Wet
2011,8,74.6,2011-08-01,Wet,Dry,2011_Wet
2011,9,49.43333333333334,2011-09-01,Wet,Dry,2011_Wet
2011,10,38.266666666666666,2011-10-01,Dry,Dry,2011_Dry
2011,11,11.633333333333333,2011-11-01,Dry,Dry,2011_Dry
2011,12,10.266666666666666,2011-12-01,Dry,Dry,2011_Dry
2012,1,11.766666666666666,2012-01-01,Dry,Dry,2011_Dry
2012,2,4.0666666666666655,2012-02-01,Dry,Dry,2011_Dry
2012,3,0.0,2012-03-01,Dry,Dry,
2012,4,7.933333333333334,2012-04-01,Dry,Dry,
2012,5,16.133333333333333,2012-05-01,Dry,Dry,
2012,6,88.0,2012-06-01,Wet,Dry,2012_Wet
2012,7,30.333333333333332,2012-07-01,Dry,Dry,
2012,8,36.8,2012-08-01,Dry,Dry,
2012,9,44.43333333333333,2012-09-01,Wet,Dry,2012_Wet
2012,10,6.799999999999999,2012-10-01,Dry,Dry,2012_Dry
2012,11,47.3,2012-11-01,Wet,Dry,2012_Dry
2012,12,23.033333333333335,2012-12-01,Dry,Dry,2012_Dry
2013,1,2.133333333333333,2013-01-01,Dry,Dry,2012_Dry
2013,2,1.0666666666666669,2013-02-01,Dry,Dry,2012_Dry
2013,3,53.266666666666666,2013-03-01,Wet,Dry,
2013,4,12.999999999999998,2013-04-01,Dry,Dry,
2013,5,74.46666666666667,2013-05-01,Wet,Dry,2013_Wet
2013,6,4.666666666666666,2013-06-01,Dry,Dry,
2013,7,53.400000000000006,2013-07-01,Wet,Dry,2013_Wet
2013,8,74.53333333333333,2013-08-01,Wet,Dry,2013_Wet
2013,9,55.166666666666664,2013-09-01,Wet,Dry,2013_Wet
2013,10,16.933333333333334,2013-10-01,Dry,Dry,2013_Dry
2013,11,3.1333333333333333,2013-11-01,Dry,Dry,2013_Dry
2013,12,0.2666666666666666,2013-12-01,Dry,Dry,2013_Dry
2014,1,8.133333333333333,2014-01-01,Dry,Dry,2013_Dry
2014,2,6.6,2014-02-01,Dry,Dry,2013_Dry
2014,3,13.799999999999999,2014-03-01,Dry,Dry,
2014,4,39.4,2014-04-01,Dry,Dry,
2014,5,53.666666666666664,2014-05-01,Wet,Dry,2014_Wet
2014,6,34.666666666666664,2014-06-01,Dry,Dry,
2014,7,60.666666666666664,2014-07-01,Wet,Dry,2014_Wet
2014,8,29.133333333333333,2014-08-01,Dry,Dry,
2014,9,63.93333333333333,2014-09-01,Wet,Dry,2014_Wet
2014,10,9.366666666666667,2014-10-01,Dry,Dry,2014_Dry
2014,11,13.700000000000001,2014-11-01,Dry,Dry,2014_Dry
2014,12,0.0,2014-12-01,Dry,Dry,2014_Dry
2015,1,2.355555555555555,2015-01-01,Dry,Dry,2014_Dry
2015,2,9.911111111111111,2015-02-01,Dry,Dry,2014_Dry
2015,3,18.733333333333334,2015-03-01,Dry,Dry,
2015,4,18.933333333333334,2015-04-01,Dry,Dry,
2015,5,17.333333333333332,2015-05-01,Dry,Dry,
2015,6,37.9,2015-06-01,Dry,Dry,
2015,7,54.166666666666664,2015-07-01,Wet,Dry,2015_Wet
2015,8,69.95277777777778,2015-08-01,Wet,Dry,2015_Wet
2015,9,6.333333333333333,2015-09-01,Dry,Dry,2015_Dry
2015,10,1.8666666666666663,2015-10-01,Dry,Dry,2015_Dry
2015,11,12.266666666666666,2015-11-01,Dry,Dry,2015_Dry
2015,12,4.583333333333333,2015-12-01,Dry,Dry,2015_Dry
2016,1,22.099999999999998,2016-01-01,Dry,Dry,2015_Dry
2016,2,2.333333333333333,2016-02-01,Dry,Dry,
2016,3,21.46666666666667,2016-03-01,Dry,Dry,
2016,4,61.03333333333333,2016-04-01,Wet,Dry,
2016,5,43.2,2016-05-01,Wet,Dry,2016_Wet
2016,6,69.73333333333332,2016-06-01,Wet,Dry,2016_Wet
2016,7,72.86666666666666,2016-07-01,Wet,Dry,2016_Wet
2016,8,62.96666666666667,2016-08-01,Wet,Dry,2016_Wet
2016,9,20.7,2016-09-01,Dry,Dry,2016_Dry
2016,10,16.533333333333335,2016-10-01,Dry,Dry,2016_Dry
2016,11,5.266666666666667,2016-11-01,Dry,Dry,2016_Dry
2016,12,0.0,2016-12-01,Dry,Dry,2016_Dry
2017,1,81.39999999999999,2017-01-01,Wet,Dry,2016_Dry
2017,2,35.8,2017-02-01,Dry,Dry,2016_Dry
2017,3,8.433333333333334,2017-03-01,Dry,Dry,2016_Dry
2017,4,2.1333333333333333,2017-04-01,Dry,Dry,2016_Dry
2017,5,17.233333333333334,2017-05-01,Dry,Dry,2017_Dry
2017,6,14.999999999999998,2017-06-01,Dry,Dry,2017_Dry
2017,7,44.4,2017-07-01,Wet,Dry,2017_Wet
2017,8,66.76666666666667,2017-08-01,Wet,Dry,2017_Wet
2017,9,36.86666666666667,2017-09-01,Dry,Dry,2017_Dry
2017,10,7.366666666666666,2017-10-01,Dry,Dry,2017_Dry
2017,11,7.633333333333333,2017-11-01,Dry,Dry,2017_Dry
2017,12,23.0,2017-12-01,Dry,Dry,2017_Dry
2018,1,54.27777777777778,2018-01-01,Wet,Dry,2017_Dry
2018,2,0.2666666666666666,2018-02-01,Dry,Dry,
2018,3,14.533333333333333,2018-03-01,Dry,Dry,
2018,4,0.0,2018-04-01,Dry,Dry,
2018,5,40.36666666666667,2018-05-01,Wet,Dry,2018_Wet
2018,6,46.6,2018-06-01,Wet,Dry,2018_Wet
2018,7,97.16666666666667,2018-07-01,Wet,Dry,2018_Wet
2018,8,75.6,2018-08-01,Wet,Dry,2018_Wet
2018,9,9.25,2018-09-01,Dry,Dry,2018_Dry
2018,10,20.833333333333332,2018-10-01,Dry,Dry,2018_Dry
2018,11,2.233333333333333,2018-11-01,Dry,Dry,2018_Dry
2018,12,2.466666666666666,2018-12-01,Dry,Dry,2018_Dry
2019,1,0.2666666666666666,2019-01-01,Dry,Dry,2018_Dry
2019,2,0.0,2019-02-01,Dry,Dry,
2019,3,3.6666666666666665,2019-03-01,Dry,Dry,
2019,4,7.9,2019-04-01,Dry,Dry,
2019,5,1.7999999999999998,2019-05-01,Dry,Dry,
2019,6,130.6,2019-06-01,Wet,Dry,2019_Wet
2019,7,57.73333333333334,2019-07-01,Wet,Dry,2019_Wet
2019,8,35.57777777777778,2019-08-01,Dry,Dry,2019_Dry
2019,9,5.4222222222222225,2019-09-01,Dry,Dry,2019_Dry
2019,10,9.533333333333331,2019-10-01,Dry,Dry,2019_Dry
2019,11,1.6,2019-11-01,Dry,Dry,2019_Dry
2019,12,0.0,2019-12-01,Dry,Dry,2019_Dry
2020,1,0.0,2020-01-01,Dry,Dry,2019_Dry
2020,2,97.53333333333333,2020-02-01,Wet,Dry,2019_Dry
2020,3,2.7666666666666666,2020-03-01,Dry,Dry,2019_Dry
2020,4,4.800000000000001,2020-04-01,Dry,Dry,2019_Dry
2020,5,28.733333333333334,2020-05-01,Dry,Dry,2020_Dry
2020,6,56.800000000000004,2020-06-01,Wet,Dry,2020_Wet
2020,7,38.5,2020-07-01,Dry,Dry,
2020,8,97.43333333333332,2020-08-01,Wet,Dry,2020_Wet
2020,9,11.733333333333333,2020-09-01,Dry,Dry,2020_Dry
2020,10,4.366666666666666,2020-10-01,Dry,Dry,2020_Dry
2020,11,21.1,2020-11-01,Dry,Dry,2020_Dry
2020,12,0.7333333333333334,2020-12-01,Dry,Dry,2020_Dry
2021,1,3.0,2021-01-01,Dry,Dry,2020_Dry
2021,2,42.599999999999994,2021-02-01,Wet,Dry,
2021,3,12.9,2021-03-01,Dry,Dry,
2021,4,45.300000000000004,2021-04-01,Wet,Dry,
2021,5,60.4,2021-05-01,Wet,Dry,2021_Wet
2021,6,60.333333333333336,2021-06-01,Wet,Dry,2021_Wet
2021,7,125.06666666666666,2021-07-01,Wet,Dry,2021_Wet
2021,8,44.644444444444446,2021-08-01,Wet,Dry,2021_Wet
2021,9,15.85,2021-09-01,Dry,Dry,
2021,10,59.733333333333334,2021-10-01,Wet,Dry,2021_Wet
2021,11,4.3,2021-11-01,Dry,Dry,2021_Dry
2021,12,0.0,2021-12-01,Dry,Dry,2021_Dry
2022,1,4.5,2022-01-01,Dry,Dry,2021_Dry
2022,2,2.5,2022-02-01,Dry,Dry,2021_Dry
2022,3,47.800000000000004,2022-03-01,Wet,Dry,2021_Dry
2022,4,20.96666666666667,2022-04-01,Dry,Dry,
2022,5,16.933333333333334,2022-05-01,Dry,Dry,
2022,6,24.7,2022-06-01,Dry,Dry,
2022,7,74.75,2022-07-01,Wet,Dry,2022_Wet
2022,8,145.73333333333332,2022-08-01,Wet,Dry,2022_Wet
2022,9,44.63333333333333,2022-09-01,Wet,Dry,2022_Wet
2022,10,9.966666666666665,2022-10-01,Dry,Dry,2022_Dry
2022,11,6.416666666666666,2022-11-01,Dry,Dry,2022_Dry
2022,12,0.3333333333333333,2022-12-01,Dry,Dry,2022_Dry
2023,1,11.6,2023-01-01,Dry,Dry,2022_Dry
2023,2,0.2,2023-02-01,Dry,Dry,2022_Dry
2023,3,16.85,2023-03-01,Dry,Dry,
2023,4,6.566666666666666,2023-04-01,Dry,Dry,
2023,5,18.41111111111111,2023-05-01,Dry,Dry,
2023,6,64.57222222222222,2023-06-01,Wet,Dry,2023_Wet
2023,7,34.33333333333333,2023-07-01,Dry,Dry,2023_Dry
2023,8,20.0,2023-08-01,Dry,Dry,2023_Dry
2023,9,17.355555555555558,2023-09-01,Dry,Dry,2023_Dry
2023,10,2.2666666666666666,2023-10-01,Dry,Dry,2023_Dry
2023,11,1.9333333333333331,2023-11-01,Dry,Dry,2023_Dry
2023,12,1.3,2023-12-01,Dry,Dry,2023_Dry
2024,1,0.0,2024-01-01,Dry,Dry,2023_Dry
2024,2,27.766666666666666,2024-02-01,Dry,Dry,2023_Dry
2024,3,3.166666666666667,2024-03-01,Dry,Dry,2023_Dry
2024,4,15.4,2024-04-01,Dry,Dry,2023_Dry
2024,5,8.833333333333332,2024-05-01,Dry,Dry,
2024,6,102.46666666666665,2024-06-01,Wet,Dry,2024_Wet
2024,7,123.05555555555554,2024-07-01,Wet,Dry,2024_Wet
2024,8,76.46666666666667,2024-08-01,Wet,Dry,2024_Wet
2024,9,12.366666666666667,2024-09-01,Dry,Dry,2024_Dry
2024,10,33.31666666666667,2024-10-01,Dry,Dry,2024_Dry
2024,11,24.46666666666667,2024-11-01,Dry,Dry,2024_Dry
2024,12,11.833333333333332,2024-12-01,Dry,Dry,2024_Dry
2025,1,1.0,2025-01-01,Dry,Dry,2024_Dry
2025,2,4.833333333333333,2025-02-01,Dry,Dry,
2025,3,5.8,2025-03-01,Dry,Dry,
2025,4,5.983333333333333,2025-04-01,Dry,Dry,
2025,5,41.666666666666664,2025-05-01,Wet,Dry,2025_Wet
2025,6,114.5,2025-06-01,Wet,Dry,2025_Wet
2025,7,24.833333333333332,2025-07-01,Dry,Dry,2025_Dry
