<metadata xml:lang="en"><Esri><CreaDate>20141017</CreaDate><CreaTime>13581500</CreaTime><ArcGISFormat>1.0</ArcGISFormat><SyncOnce>FALSE</SyncOnce><DataProperties><lineage><Process ToolSource="C:\Program Files (x86)\ArcGIS\Desktop10.0\ArcToolbox\Toolboxes\Data Management Tools.tbx\ChangePrivileges" Date="20141017" Time="135815">ChangePrivileges 'Database Connections\SDI_PRD.sde\sdi.GSD.GEOS_ENVR_GEOLOGY_POLYGONS_50K_GA' USER GRANT AS_IS</Process><Process ToolSource="c:\program files (x86)\arcgis\desktop10.2\ArcToolbox\Toolboxes\Data Management Tools.tbx\ChangePrivileges" Date="20150311" Time="135328">ChangePrivileges 'Database Connections\SQLInstance.sde\SDI.GSD.ADMN_MAPGRID_LATLONG_LINE_GSD';'Database Connections\SQLInstance.sde\SDI.GSD.ADMN_MAPGRID_MGA94_LINE_GSD';'Database Connections\SQLInstance.sde\SDI.GSD.ADMN_MAPSHEETINDEX_GEOLOGY_100K_GSD';'Database Connections\SQLInstance.sde\SDI.GSD.ADMN_MAPSHEETINDEX_GEOLOGY_250K_GSD';'Database Connections\SQLInstance.sde\SDI.GSD.ADMN_MAPSHEETINDEX_GEOLOGY_50K_GSD';'Database Connections\SQLInstance.sde\SDI.GSD.ELEV_CONTOURS_SMOOTHED_SRTM_GSD';'Database Connections\SQLInstance.sde\SDI.GSD.EXPL_ABANDONED_MINES_GSD';'Database Connections\SQLInstance.sde\sdi.GSD.EXPL_CORE_LIBRARY_DRILLHOLES_GSD';'Database Connections\SQLInstance.sde\sdi.GSD.EXPL_DRILLHOLES_CONFIDENTIAL_GSD';'Database Connections\SQLInstance.sde\sdi.GSD.EXPL_DRILLHOLES_CONFIDENTIAL_SURFSAMP_GSD';'Database Connections\SQLInstance.sde\sdi.GSD.EXPL_DRILLHOLES_OPENFILE_GSD';'Database Connections\SQLInstance.sde\sdi.GSD.EXPL_DRILLHOLES_OPENFILE_SURFSAMP_GSD';'Database Connections\SQLInstance.sde\sdi.GSD.EXPL_DRILLHOLES_OPENFILE_SURFSAMP_GSD_OLD';'Database Connections\SQLInstance.sde\sdi.GSD.EXPL_EXACT_LINES_GSD';'Database Connections\SQLInstance.sde\sdi.GSD.EXPL_EXACT_POINTS_GSD';'Database Connections\SQLInstance.sde\sdi.GSD.EXPL_EXACT_POLYGONS_GSD';'Database Connections\SQLInstance.sde\sdi.GSD.EXPL_MAJOR_RESOURCE_PROJECT_GSD';'Database Connections\SQLInstance.sde\sdi.GSD.EXPL_MINEDEX_CONFIDENTIAL_GSD';'Database Connections\SQLInstance.sde\sdi.GSD.EXPL_MINEDEX_LINE_GSD';'Database Connections\SQLInstance.sde\sdi.GSD.EXPL_MINEDEX_LINEHISTORY_GSD';'Database Connections\SQLInstance.sde\sdi.GSD.EXPL_MINEDEX_POINT_GSD';'Database Connections\SQLInstance.sde\sdi.GSD.EXPL_MINEDEX_POINTHISTORY_GSD';'Database Connections\SQLInstance.sde\sdi.GSD.EXPL_MINEDEX_POLYGON_GSD';'Database Connections\SQLInstance.sde\sdi.GSD.EXPL_MINEDEX_POLYGONHISTORY_GSD';'Database Connections\SQLInstance.sde\sdi.GSD.EXPL_MINEDEX_PUBLIC_GSD';'Database Connections\SQLInstance.sde\SDI.GSD.EXPL_MINEDEX_SITE_CONFID_EIL_GSD';'Database Connections\SQLInstance.sde\SDI.GSD.EXPL_MINEDEX_SITE_CONFID_PRODUCTION_GSD';'Database Connections\SQLInstance.sde\SDI.GSD.EXPL_MINEDEX_SITE_CONFID_RESOURCES_GSD';'Database Connections\SQLInstance.sde\sdi.GSD.EXPL_MINERAL_DRILLHOLES_GSD';'Database Connections\SQLInstance.sde\SDI.GSD.EXPL_MINERAL_DRILLHOLES_GSD_VW';'Database Connections\SQLInstance.sde\sdi.GSD.EXPL_MINERAL_EXPLORATION_CONFIDENTIAL_REPORTS_GSD';'Database Connections\SQLInstance.sde\sdi.GSD.EXPL_MINERAL_EXPLORATION_CONFIDENTIAL_REPORTS_GSD_20140116';'Database Connections\SQLInstance.sde\sdi.GSD.EXPL_MINERAL_EXPLORATION_REPORTS_GSD';'Database Connections\SQLInstance.sde\sdi.GSD.EXPL_MINERAL_EXPLORATION_REPORTS_GSD_new';'Database Connections\SQLInstance.sde\sdi.GSD.EXPL_NVCL_PUBLISHED_GSD';'Database Connections\SQLInstance.sde\sdi.GSD.EXPL_NVCL_PUBLISHED_GSD_OLD';'Database Connections\SQLInstance.sde\sdi.GSD.EXPL_NVCL_TENEMENTS_GSD';'Database Connections\SQLInstance.sde\sdi.GSD.EXPL_OPERATING_MINES_GSD';'Database Connections\SQLInstance.sde\sdi.GSD.GEOP_COMMERCIAL_GSD';'Database Connections\SQLInstance.sde\sdi.GSD.GEOP_GOVERNMENT_GSD';'Database Connections\SQLInstance.sde\sdi.GSD.GEOP_GOVERNMENT_GSD_20140402';'Database Connections\SQLInstance.sde\SDI.GSD.GEOP_GOVERNMENT_PUBLIC_GSD_VW';'Database Connections\SQLInstance.sde\sdi.GSD.GEOP_GROUND_GSD';'Database Connections\SQLInstance.sde\sdi.GSD.GEOP_GROUND_GSD_20140402';'Database Connections\SQLInstance.sde\sdi.GSD.GEOP_KAURING_GSD';'Database Connections\SQLInstance.sde\SDI.GSD.GEOP_MAGCAT_GSD';'Database Connections\SQLInstance.sde\sdi.GSD.GEOP_PROGRESS_GSD';'Database Connections\SQLInstance.sde\sdi.GSD.GEOP_REGISTERED_GSD';'Database Connections\SQLInstance.sde\sdi.GSD.GEOP_REGISTERED_GSD_20140402';'Database Connections\SQLInstance.sde\SDI.GSD.GEOP_REGISTERED_PUBLIC_GSD_VW';'Database Connections\SQLInstance.sde\sdi.GSD.GEOP_UNREGISTERED_GSD';'Database Connections\SQLInstance.sde\sdi.GSD.GEOP_WAMEX_GSD';'Database Connections\SQLInstance.sde\sdi.GSD.GEOS_BEDROCK_100K_GSD';'Database Connections\SQLInstance.sde\SDI.GSD.GEOS_BILLITON_STREAMSED_GEOCHEMISTRY_GSD';'Database Connections\SQLInstance.sde\sdi.GSD.GEOS_ENVR_GEOLOGY_POLYGONS_50K_GA';'Database Connections\SQLInstance.sde\sdi.GSD.GEOS_ENVR_GEOLOGY_POLYGONS_50K_GA_OLD';'Database Connections\SQLInstance.sde\SDI.GSD.GEOS_FUTURE_SIGNIFICANT_GEOLOGICAL_SUPPLY_RESOURCES_GSD';'Database Connections\SQLInstance.sde\sdi.GSD.GEOS_GEOCHRONOLOGY_GA';'Database Connections\SQLInstance.sde\sdi.GSD.GEOS_GEOCHRONOLOGY_GA_OLD';'Database Connections\SQLInstance.sde\sdi.GSD.GEOS_GEOCHRONOLOGY_GSD';'Database Connections\SQLInstance.sde\sdi.GSD.GEOS_GEOCHRONOLOGY_GSD_20130613';'Database Connections\SQLInstance.sde\sdi.GSD.GEOS_GEOCHRONOLOGY_GSD_20130701';'Database Connections\SQLInstance.sde\sdi.GSD.GEOS_GEOHERITAGE_SITES_GSD';'Database Connections\SQLInstance.sde\SDI.GSD.GEOS_GEOHERITAGE_SITES_PUBLIC_GSD_VW';'Database Connections\SQLInstance.sde\SDI.GSD.GEOS_GEOLOGY_CENOZOIC_POLYGONS_500K_GSD';'Database Connections\SQLInstance.sde\sdi.GSD.GEOS_GEOLOGY_CENOZOIC_POLYGONS_500K_GSD_20141204';'Database Connections\SQLInstance.sde\SDI.GSD.GEOS_GEOLOGY_LINEARSTRUCTURE_10M_GSD';'Database Connections\SQLInstance.sde\SDI.GSD.GEOS_GEOLOGY_LINEARSTRUCTURE_2_5M_1998_GSD';'Database Connections\SQLInstance.sde\sdi.GSD.GEOS_GEOLOGY_LINEARSTRUCTURE_500K_GSD';'Database Connections\SQLInstance.sde\SDI.GSD.GEOS_GEOLOGY_LINEARSTRUCTURE_500K_GSD_1';'Database Connections\SQLInstance.sde\SDI.GSD.GEOS_GEOLOGY_LINEARSTRUCTURE_500K_GSD_OLD';'Database Connections\SQLInstance.sde\SDI.GSD.GEOS_GEOLOGY_POLYGONS_10M_GSD';'Database Connections\SQLInstance.sde\SDI.GSD.GEOS_GEOLOGY_POLYGONS_2_5M_1998_GSD';'Database Connections\SQLInstance.sde\SDI.GSD.GEOS_GEOLOGY_POLYGONS_500K_GSD';'Database Connections\SQLInstance.sde\sdi.GSD.GEOS_GEOLOGY_POLYGONS_500K_GSD_20141212';'Database Connections\SQLInstance.sde\SDI.GSD.GEOS_GSWA_PRODUCTS_INDEX_GSD';'Database Connections\SQLInstance.sde\SDI.GSD.GEOS_HALLBERG_GEOCHEMISTRY_GSD';'Database Connections\SQLInstance.sde\SDI.GSD.GEOS_PHANEROZOIC_GEOLOGY_2_5M_GSD';'Database Connections\SQLInstance.sde\SDI.GSD.GEOS_PHANEROZOIC_LINEARSTRUCTURE_2_5M_GSD';'Database Connections\SQLInstance.sde\SDI.GSD.GEOS_PICKANDS_MATHAR_GSD';'Database Connections\SQLInstance.sde\SDI.GSD.GEOS_REGOLITH_1300METRE_500K_GSD';'Database Connections\SQLInstance.sde\SDI.GSD.GEOS_REGOLITH_500K_GSD';'Database Connections\SQLInstance.sde\SDI.GSD.GEOS_REGOLITH_500METRE_500K_GSD';'Database Connections\SQLInstance.sde\SDI.GSD.GEOS_REGOLITH_800METRE_500K_GSD';'Database Connections\SQLInstance.sde\sdi.GSD.GEOS_TECTONIC_UNITS_POLYGON_10M_2011_GSD';'Database Connections\SQLInstance.sde\SDI.GSD.GEOS_TECTONIC_UNITS_POLYGON_10M_GSD';'Database Connections\SQLInstance.sde\sdi.GSD.GEOS_TECTONIC_UNITS_POLYGON_10M_GSD_NEW';'Database Connections\SQLInstance.sde\SDI.GSD.GEOS_TECTONIC_UNITS_POLYGON_2_5M_GSD';'Database Connections\SQLInstance.sde\sdi.GSD.GEOS_TECTONIC_UNITS_POLYGON_500K_GSD';'Database Connections\SQLInstance.sde\SDI.GSD.GEOS_TITANIUM_ZIRCON_GSD';'Database Connections\SQLInstance.sde\SDI.GSD.GEOS_WACHEM_STATE_GEOCHEM_GSD';'Database Connections\SQLInstance.sde\sdi.GSD.GEOS_WACHEM_STATE_GEOCHEM_GSD_OLD';'Database Connections\SQLInstance.sde\SDI.GSD.GEOS_WARAKURNA_LIP_GEOCHEMISTRY_GSD';'Database Connections\SQLInstance.sde\SDI.GSD.GEOS_YAMARNA_GEOCHEMISTRY_GSD';'Database Connections\SQLInstance.sde\sdi.GSD.PETR_NT_WELLS_PRD';'Database Connections\SQLInstance.sde\sdi.GSD.PETR_PETRO_GEOPHYSICAL_SURVEYS_GSD';'Database Connections\SQLInstance.sde\sdi.GSD.PETR_PETRO_PERMITS_HISTORICAL_GSD';'Database Connections\SQLInstance.sde\SDI.GSD.PETR_PETRO_WELL_PATHS_GSD';'Database Connections\SQLInstance.sde\SDI.GSD.PETR_PETRO_WELL_TRACKS_GSD';'Database Connections\SQLInstance.sde\sdi.GSD.PETR_PETRO_WELLS_GSD';'Database Connections\SQLInstance.sde\sdi.GSD.PETR_PETRO_WELLS_SIS_GSD';'Database Connections\SQLInstance.sde\SDI.GSD.PETR_PETRO_WELLS_SIS_GSD_VW';'Database Connections\SQLInstance.sde\sdi.GSD.PETR_SEISMIC_SURVEYS_2D_GSD';'Database Connections\SQLInstance.sde\sdi.GSD.PETR_SEISMIC_SURVEYS_3D_GSD';'Database Connections\SQLInstance.sde\sdi.GSD.SPCL_KIMBERLEY_NATIONAL_HERITAGE_AREA_GSD' USER GRANT AS_IS</Process><Process ToolSource="c:\program files (x86)\arcgis\desktop10.2\ArcToolbox\Toolboxes\Data Management Tools.tbx\ChangePrivileges" Date="20150311" Time="135444">ChangePrivileges 'Database Connections\SQLInstance.sde\SDI.GSD.ADMN_MAPGRID_LATLONG_LINE_GSD';'Database Connections\SQLInstance.sde\SDI.GSD.ADMN_MAPGRID_MGA94_LINE_GSD';'Database Connections\SQLInstance.sde\SDI.GSD.ADMN_MAPSHEETINDEX_GEOLOGY_100K_GSD';'Database Connections\SQLInstance.sde\SDI.GSD.ADMN_MAPSHEETINDEX_GEOLOGY_250K_GSD';'Database Connections\SQLInstance.sde\SDI.GSD.ADMN_MAPSHEETINDEX_GEOLOGY_50K_GSD';'Database Connections\SQLInstance.sde\SDI.GSD.ELEV_CONTOURS_SMOOTHED_SRTM_GSD';'Database Connections\SQLInstance.sde\SDI.GSD.EXPL_ABANDONED_MINES_GSD';'Database Connections\SQLInstance.sde\sdi.GSD.EXPL_CORE_LIBRARY_DRILLHOLES_GSD';'Database Connections\SQLInstance.sde\sdi.GSD.EXPL_DRILLHOLES_CONFIDENTIAL_GSD';'Database Connections\SQLInstance.sde\sdi.GSD.EXPL_DRILLHOLES_CONFIDENTIAL_SURFSAMP_GSD';'Database Connections\SQLInstance.sde\sdi.GSD.EXPL_DRILLHOLES_OPENFILE_GSD';'Database Connections\SQLInstance.sde\sdi.GSD.EXPL_DRILLHOLES_OPENFILE_SURFSAMP_GSD';'Database Connections\SQLInstance.sde\sdi.GSD.EXPL_DRILLHOLES_OPENFILE_SURFSAMP_GSD_OLD';'Database Connections\SQLInstance.sde\sdi.GSD.EXPL_EXACT_LINES_GSD';'Database Connections\SQLInstance.sde\sdi.GSD.EXPL_EXACT_POINTS_GSD';'Database Connections\SQLInstance.sde\sdi.GSD.EXPL_EXACT_POLYGONS_GSD';'Database Connections\SQLInstance.sde\sdi.GSD.EXPL_MAJOR_RESOURCE_PROJECT_GSD';'Database Connections\SQLInstance.sde\sdi.GSD.EXPL_MINEDEX_CONFIDENTIAL_GSD';'Database Connections\SQLInstance.sde\sdi.GSD.EXPL_MINEDEX_LINE_GSD';'Database Connections\SQLInstance.sde\sdi.GSD.EXPL_MINEDEX_LINEHISTORY_GSD';'Database Connections\SQLInstance.sde\sdi.GSD.EXPL_MINEDEX_POINT_GSD';'Database Connections\SQLInstance.sde\sdi.GSD.EXPL_MINEDEX_POINTHISTORY_GSD';'Database Connections\SQLInstance.sde\sdi.GSD.EXPL_MINEDEX_POLYGON_GSD';'Database Connections\SQLInstance.sde\sdi.GSD.EXPL_MINEDEX_POLYGONHISTORY_GSD';'Database Connections\SQLInstance.sde\sdi.GSD.EXPL_MINEDEX_PUBLIC_GSD';'Database Connections\SQLInstance.sde\SDI.GSD.EXPL_MINEDEX_SITE_CONFID_EIL_GSD';'Database Connections\SQLInstance.sde\SDI.GSD.EXPL_MINEDEX_SITE_CONFID_PRODUCTION_GSD';'Database Connections\SQLInstance.sde\SDI.GSD.EXPL_MINEDEX_SITE_CONFID_RESOURCES_GSD';'Database Connections\SQLInstance.sde\sdi.GSD.EXPL_MINERAL_DRILLHOLES_GSD';'Database Connections\SQLInstance.sde\SDI.GSD.EXPL_MINERAL_DRILLHOLES_GSD_VW';'Database Connections\SQLInstance.sde\sdi.GSD.EXPL_MINERAL_EXPLORATION_CONFIDENTIAL_REPORTS_GSD';'Database Connections\SQLInstance.sde\sdi.GSD.EXPL_MINERAL_EXPLORATION_CONFIDENTIAL_REPORTS_GSD_20140116';'Database Connections\SQLInstance.sde\sdi.GSD.EXPL_MINERAL_EXPLORATION_REPORTS_GSD';'Database Connections\SQLInstance.sde\sdi.GSD.EXPL_MINERAL_EXPLORATION_REPORTS_GSD_new';'Database Connections\SQLInstance.sde\sdi.GSD.EXPL_NVCL_PUBLISHED_GSD';'Database Connections\SQLInstance.sde\sdi.GSD.EXPL_NVCL_PUBLISHED_GSD_OLD';'Database Connections\SQLInstance.sde\sdi.GSD.EXPL_NVCL_TENEMENTS_GSD';'Database Connections\SQLInstance.sde\sdi.GSD.EXPL_OPERATING_MINES_GSD';'Database Connections\SQLInstance.sde\sdi.GSD.GEOP_COMMERCIAL_GSD';'Database Connections\SQLInstance.sde\sdi.GSD.GEOP_GOVERNMENT_GSD';'Database Connections\SQLInstance.sde\sdi.GSD.GEOP_GOVERNMENT_GSD_20140402';'Database Connections\SQLInstance.sde\SDI.GSD.GEOP_GOVERNMENT_PUBLIC_GSD_VW';'Database Connections\SQLInstance.sde\sdi.GSD.GEOP_GROUND_GSD';'Database Connections\SQLInstance.sde\sdi.GSD.GEOP_GROUND_GSD_20140402';'Database Connections\SQLInstance.sde\sdi.GSD.GEOP_KAURING_GSD';'Database Connections\SQLInstance.sde\SDI.GSD.GEOP_MAGCAT_GSD';'Database Connections\SQLInstance.sde\sdi.GSD.GEOP_PROGRESS_GSD';'Database Connections\SQLInstance.sde\sdi.GSD.GEOP_REGISTERED_GSD';'Database Connections\SQLInstance.sde\sdi.GSD.GEOP_REGISTERED_GSD_20140402';'Database Connections\SQLInstance.sde\SDI.GSD.GEOP_REGISTERED_PUBLIC_GSD_VW';'Database Connections\SQLInstance.sde\sdi.GSD.GEOP_UNREGISTERED_GSD';'Database Connections\SQLInstance.sde\sdi.GSD.GEOP_WAMEX_GSD';'Database Connections\SQLInstance.sde\sdi.GSD.GEOS_BEDROCK_100K_GSD';'Database Connections\SQLInstance.sde\SDI.GSD.GEOS_BILLITON_STREAMSED_GEOCHEMISTRY_GSD';'Database Connections\SQLInstance.sde\sdi.GSD.GEOS_ENVR_GEOLOGY_POLYGONS_50K_GA';'Database Connections\SQLInstance.sde\sdi.GSD.GEOS_ENVR_GEOLOGY_POLYGONS_50K_GA_OLD';'Database Connections\SQLInstance.sde\SDI.GSD.GEOS_FUTURE_SIGNIFICANT_GEOLOGICAL_SUPPLY_RESOURCES_GSD';'Database Connections\SQLInstance.sde\sdi.GSD.GEOS_GEOCHRONOLOGY_GA';'Database Connections\SQLInstance.sde\sdi.GSD.GEOS_GEOCHRONOLOGY_GA_OLD';'Database Connections\SQLInstance.sde\sdi.GSD.GEOS_GEOCHRONOLOGY_GSD';'Database Connections\SQLInstance.sde\sdi.GSD.GEOS_GEOCHRONOLOGY_GSD_20130613';'Database Connections\SQLInstance.sde\sdi.GSD.GEOS_GEOCHRONOLOGY_GSD_20130701';'Database Connections\SQLInstance.sde\sdi.GSD.GEOS_GEOHERITAGE_SITES_GSD';'Database Connections\SQLInstance.sde\SDI.GSD.GEOS_GEOHERITAGE_SITES_PUBLIC_GSD_VW';'Database Connections\SQLInstance.sde\SDI.GSD.GEOS_GEOLOGY_CENOZOIC_POLYGONS_500K_GSD';'Database Connections\SQLInstance.sde\sdi.GSD.GEOS_GEOLOGY_CENOZOIC_POLYGONS_500K_GSD_20141204';'Database Connections\SQLInstance.sde\SDI.GSD.GEOS_GEOLOGY_LINEARSTRUCTURE_10M_GSD';'Database Connections\SQLInstance.sde\SDI.GSD.GEOS_GEOLOGY_LINEARSTRUCTURE_2_5M_1998_GSD';'Database Connections\SQLInstance.sde\sdi.GSD.GEOS_GEOLOGY_LINEARSTRUCTURE_500K_GSD';'Database Connections\SQLInstance.sde\SDI.GSD.GEOS_GEOLOGY_LINEARSTRUCTURE_500K_GSD_1';'Database Connections\SQLInstance.sde\SDI.GSD.GEOS_GEOLOGY_LINEARSTRUCTURE_500K_GSD_OLD';'Database Connections\SQLInstance.sde\SDI.GSD.GEOS_GEOLOGY_POLYGONS_10M_GSD';'Database Connections\SQLInstance.sde\SDI.GSD.GEOS_GEOLOGY_POLYGONS_2_5M_1998_GSD';'Database Connections\SQLInstance.sde\SDI.GSD.GEOS_GEOLOGY_POLYGONS_500K_GSD';'Database Connections\SQLInstance.sde\sdi.GSD.GEOS_GEOLOGY_POLYGONS_500K_GSD_20141212';'Database Connections\SQLInstance.sde\SDI.GSD.GEOS_GSWA_PRODUCTS_INDEX_GSD';'Database Connections\SQLInstance.sde\SDI.GSD.GEOS_HALLBERG_GEOCHEMISTRY_GSD';'Database Connections\SQLInstance.sde\SDI.GSD.GEOS_PHANEROZOIC_GEOLOGY_2_5M_GSD';'Database Connections\SQLInstance.sde\SDI.GSD.GEOS_PHANEROZOIC_LINEARSTRUCTURE_2_5M_GSD';'Database Connections\SQLInstance.sde\SDI.GSD.GEOS_PICKANDS_MATHAR_GSD';'Database Connections\SQLInstance.sde\SDI.GSD.GEOS_REGOLITH_1300METRE_500K_GSD';'Database Connections\SQLInstance.sde\SDI.GSD.GEOS_REGOLITH_500K_GSD';'Database Connections\SQLInstance.sde\SDI.GSD.GEOS_REGOLITH_500METRE_500K_GSD';'Database Connections\SQLInstance.sde\SDI.GSD.GEOS_REGOLITH_800METRE_500K_GSD';'Database Connections\SQLInstance.sde\sdi.GSD.GEOS_TECTONIC_UNITS_POLYGON_10M_2011_GSD';'Database Connections\SQLInstance.sde\SDI.GSD.GEOS_TECTONIC_UNITS_POLYGON_10M_GSD';'Database Connections\SQLInstance.sde\sdi.GSD.GEOS_TECTONIC_UNITS_POLYGON_10M_GSD_NEW';'Database Connections\SQLInstance.sde\SDI.GSD.GEOS_TECTONIC_UNITS_POLYGON_2_5M_GSD';'Database Connections\SQLInstance.sde\sdi.GSD.GEOS_TECTONIC_UNITS_POLYGON_500K_GSD';'Database Connections\SQLInstance.sde\SDI.GSD.GEOS_TITANIUM_ZIRCON_GSD';'Database Connections\SQLInstance.sde\SDI.GSD.GEOS_WACHEM_STATE_GEOCHEM_GSD';'Database Connections\SQLInstance.sde\sdi.GSD.GEOS_WACHEM_STATE_GEOCHEM_GSD_OLD';'Database Connections\SQLInstance.sde\SDI.GSD.GEOS_WARAKURNA_LIP_GEOCHEMISTRY_GSD';'Database Connections\SQLInstance.sde\SDI.GSD.GEOS_YAMARNA_GEOCHEMISTRY_GSD';'Database Connections\SQLInstance.sde\sdi.GSD.PETR_NT_WELLS_PRD';'Database Connections\SQLInstance.sde\sdi.GSD.PETR_PETRO_GEOPHYSICAL_SURVEYS_GSD';'Database Connections\SQLInstance.sde\sdi.GSD.PETR_PETRO_PERMITS_HISTORICAL_GSD';'Database Connections\SQLInstance.sde\SDI.GSD.PETR_PETRO_WELL_PATHS_GSD';'Database Connections\SQLInstance.sde\SDI.GSD.PETR_PETRO_WELL_TRACKS_GSD';'Database Connections\SQLInstance.sde\sdi.GSD.PETR_PETRO_WELLS_GSD';'Database Connections\SQLInstance.sde\sdi.GSD.PETR_PETRO_WELLS_SIS_GSD';'Database Connections\SQLInstance.sde\SDI.GSD.PETR_PETRO_WELLS_SIS_GSD_VW';'Database Connections\SQLInstance.sde\sdi.GSD.PETR_SEISMIC_SURVEYS_2D_GSD';'Database Connections\SQLInstance.sde\sdi.GSD.PETR_SEISMIC_SURVEYS_3D_GSD';'Database Connections\SQLInstance.sde\sdi.GSD.SPCL_KIMBERLEY_NATIONAL_HERITAGE_AREA_GSD' sde REVOKE REVOKE</Process><Process ToolSource="c:\program files (x86)\arcgis\desktop10.5\ArcToolbox\Toolboxes\Data Management Tools.tbx\Analyze" Date="20200202" Time="154728">Analyze c:\Temp\BuildSpatialIndex\SDI_PRD.sde\sdi.GSD.GEOS_ENVR_GEOLOGY_POLYGONS_50K_GA BUSINESS</Process><Process ToolSource="c:\program files (x86)\arcgis\desktop10.5\ArcToolbox\Toolboxes\Data Management Tools.tbx\Analyze" Date="20200202" Time="154742">Analyze c:\Temp\BuildSpatialIndex\SDI_PRD.sde\sdi.GSD.GEOS_ENVR_GEOLOGY_POLYGONS_50K_GA BUSINESS</Process></lineage><itemProps><itemName Sync="TRUE">1_50_000_Geology</itemName><imsContentType Sync="TRUE">002</imsContentType><itemSize Sync="TRUE">0.000</itemSize><itemLocation><linkage Sync="TRUE">file://\\PERPRDGISC2\C$\Users\svcArcGIS.INTERNAL\AppData\Local\Temp\appsexternal\gsd_layer_extraction_appsexternal_geoview_gpserver\j675863d841e542eea077801a8a9643fd\scratch\zipfolder\1_50_000_Geology.shp</linkage><protocol Sync="TRUE">Local Area Network</protocol></itemLocation></itemProps><coordRef><type Sync="TRUE">Geographic</type><geogcsn Sync="TRUE">GCS_GDA_1994</geogcsn><csUnits Sync="TRUE">Angular Unit: Degree (0.017453)</csUnits><peXml Sync="TRUE">&lt;GeographicCoordinateSystem xsi:type='typens:GeographicCoordinateSystem' xmlns:xsi='http://www.w3.org/2001/XMLSchema-instance' xmlns:xs='http://www.w3.org/2001/XMLSchema' xmlns:typens='http://www.esri.com/schemas/ArcGIS/10.8'&gt;&lt;WKT&gt;GEOGCS[&amp;quot;GCS_GDA_1994&amp;quot;,DATUM[&amp;quot;D_GDA_1994&amp;quot;,SPHEROID[&amp;quot;GRS_1980&amp;quot;,6378137.0,298.257222101]],PRIMEM[&amp;quot;Greenwich&amp;quot;,0.0],UNIT[&amp;quot;Degree&amp;quot;,0.0174532925199433],AUTHORITY[&amp;quot;EPSG&amp;quot;,4283]]&lt;/WKT&gt;&lt;XOrigin&gt;-400&lt;/XOrigin&gt;&lt;YOrigin&gt;-400&lt;/YOrigin&gt;&lt;XYScale&gt;11258999068426.238&lt;/XYScale&gt;&lt;ZOrigin&gt;-100000&lt;/ZOrigin&gt;&lt;ZScale&gt;10000&lt;/ZScale&gt;&lt;MOrigin&gt;-100000&lt;/MOrigin&gt;&lt;MScale&gt;10000&lt;/MScale&gt;&lt;XYTolerance&gt;8.9831528411952133e-09&lt;/XYTolerance&gt;&lt;ZTolerance&gt;0.001&lt;/ZTolerance&gt;&lt;MTolerance&gt;0.001&lt;/MTolerance&gt;&lt;HighPrecision&gt;true&lt;/HighPrecision&gt;&lt;LeftLongitude&gt;-180&lt;/LeftLongitude&gt;&lt;WKID&gt;4283&lt;/WKID&gt;&lt;LatestWKID&gt;4283&lt;/LatestWKID&gt;&lt;/GeographicCoordinateSystem&gt;</peXml></coordRef></DataProperties><SyncDate>20231020</SyncDate><SyncTime>12134600</SyncTime><ModDate>20231020</ModDate><ModTime>12134600</ModTime></Esri><dataIdInfo><envirDesc Sync="TRUE"> Version 6.2 (Build 9200) ; Esri ArcGIS 10.8.1.14362</envirDesc><dataLang><languageCode value="eng" Sync="TRUE"></languageCode><countryCode value="AUS" Sync="TRUE"></countryCode></dataLang><idCitation><resTitle Sync="TRUE">1_50_000_Geology</resTitle><presForm><PresFormCd value="005" Sync="TRUE"></PresFormCd></presForm></idCitation><spatRpType><SpatRepTypCd value="001" Sync="TRUE"></SpatRepTypCd></spatRpType></dataIdInfo><mdLang><languageCode value="eng" Sync="TRUE"></languageCode><countryCode value="AUS" Sync="TRUE"></countryCode></mdLang><distInfo><distFormat><formatName Sync="TRUE">Shapefile</formatName></distFormat><distTranOps><transSize Sync="TRUE">0.000</transSize></distTranOps></distInfo><mdHrLv><ScopeCd value="005" Sync="TRUE"></ScopeCd></mdHrLv><mdHrLvName Sync="TRUE">dataset</mdHrLvName><refSysInfo><RefSystem><refSysID><identCode code="4283" Sync="TRUE"></identCode><idCodeSpace Sync="TRUE">EPSG</idCodeSpace><idVersion Sync="TRUE">9.8(3.0.1)</idVersion></refSysID></RefSystem></refSysInfo><spatRepInfo><VectSpatRep><geometObjs Name="1_50_000_Geology"><geoObjTyp><GeoObjTypCd value="002" Sync="TRUE"></GeoObjTypCd></geoObjTyp><geoObjCnt Sync="TRUE">0</geoObjCnt></geometObjs><topLvl><TopoLevCd value="001" Sync="TRUE"></TopoLevCd></topLvl></VectSpatRep></spatRepInfo><spdoinfo><ptvctinf><esriterm Name="1_50_000_Geology"><efeatyp Sync="TRUE">Simple</efeatyp><efeageom code="4" Sync="TRUE"></efeageom><esritopo Sync="TRUE">FALSE</esritopo><efeacnt Sync="TRUE">0</efeacnt><spindex Sync="TRUE">FALSE</spindex><linrefer Sync="TRUE">FALSE</linrefer></esriterm></ptvctinf></spdoinfo><eainfo><detailed Name="1_50_000_Geology"><enttyp><enttypl Sync="TRUE">1_50_000_Geology</enttypl><enttypt Sync="TRUE">Feature Class</enttypt><enttypc Sync="TRUE">0</enttypc></enttyp><attr><attrlabl Sync="TRUE">FID</attrlabl><attalias Sync="TRUE">FID</attalias><attrtype Sync="TRUE">OID</attrtype><attwidth Sync="TRUE">4</attwidth><atprecis Sync="TRUE">0</atprecis><attscale Sync="TRUE">0</attscale><attrdef Sync="TRUE">Internal feature number.</attrdef><attrdefs Sync="TRUE">Esri</attrdefs><attrdomv><udom Sync="TRUE">Sequential unique whole numbers that are automatically generated.</udom></attrdomv></attr><attr><attrlabl Sync="TRUE">Shape</attrlabl><attalias Sync="TRUE">Shape</attalias><attrtype Sync="TRUE">Geometry</attrtype><attwidth Sync="TRUE">0</attwidth><atprecis Sync="TRUE">0</atprecis><attscale Sync="TRUE">0</attscale><attrdef Sync="TRUE">Feature geometry.</attrdef><attrdefs Sync="TRUE">Esri</attrdefs><attrdomv><udom Sync="TRUE">Coordinates defining the features.</udom></attrdomv></attr><attr><attrlabl Sync="TRUE">CODE</attrlabl><attalias Sync="TRUE">CODE</attalias><attrtype Sync="TRUE">String</attrtype><attwidth Sync="TRUE">10</attwidth><atprecis Sync="TRUE">0</atprecis><attscale Sync="TRUE">0</attscale></attr><attr><attrlabl Sync="TRUE">NARRATIVE</attrlabl><attalias Sync="TRUE">NARRATIVE</attalias><attrtype Sync="TRUE">String</attrtype><attwidth Sync="TRUE">166</attwidth><atprecis Sync="TRUE">0</atprecis><attscale Sync="TRUE">0</attscale></attr><attr><attrlabl Sync="TRUE">COMPLEX</attrlabl><attalias Sync="TRUE">COMPLEX</attalias><attrtype Sync="TRUE">String</attrtype><attwidth Sync="TRUE">8</attwidth><atprecis Sync="TRUE">0</atprecis><attscale Sync="TRUE">0</attscale></attr><attr><attrlabl Sync="TRUE">NAME</attrlabl><attalias Sync="TRUE">NAME</attalias><attrtype Sync="TRUE">String</attrtype><attwidth Sync="TRUE">6</attwidth><atprecis Sync="TRUE">0</atprecis><attscale Sync="TRUE">0</attscale></attr><attr><attrlabl Sync="TRUE">NAME_DESCR</attrlabl><attalias Sync="TRUE">NAME_DESCR</attalias><attrtype Sync="TRUE">String</attrtype><attwidth Sync="TRUE">11</attwidth><atprecis Sync="TRUE">0</atprecis><attscale Sync="TRUE">0</attscale></attr><attr><attrlabl Sync="TRUE">AGE1</attrlabl><attalias Sync="TRUE">AGE1</attalias><attrtype Sync="TRUE">String</attrtype><attwidth Sync="TRUE">15</attwidth><atprecis Sync="TRUE">0</atprecis><attscale Sync="TRUE">0</attscale></attr><attr><attrlabl Sync="TRUE">AGE2</attrlabl><attalias Sync="TRUE">AGE2</attalias><attrtype Sync="TRUE">String</attrtype><attwidth Sync="TRUE">21</attwidth><atprecis Sync="TRUE">0</atprecis><attscale Sync="TRUE">0</attscale></attr><attr><attrlabl Sync="TRUE">AGE3</attrlabl><attalias Sync="TRUE">AGE3</attalias><attrtype Sync="TRUE">String</attrtype><attwidth Sync="TRUE">29</attwidth><atprecis Sync="TRUE">0</atprecis><attscale Sync="TRUE">0</attscale></attr><attr><attrlabl Sync="TRUE">AGE4</attrlabl><attalias Sync="TRUE">AGE4</attalias><attrtype Sync="TRUE">String</attrtype><attwidth Sync="TRUE">28</attwidth><atprecis Sync="TRUE">0</atprecis><attscale Sync="TRUE">0</attscale></attr><attr><attrlabl Sync="TRUE">LINE1</attrlabl><attalias Sync="TRUE">LINE1</attalias><attrtype Sync="TRUE">String</attrtype><attwidth Sync="TRUE">32</attwidth><atprecis Sync="TRUE">0</atprecis><attscale Sync="TRUE">0</attscale></attr><attr><attrlabl Sync="TRUE">LINE2</attrlabl><attalias Sync="TRUE">LINE2</attalias><attrtype Sync="TRUE">String</attrtype><attwidth Sync="TRUE">32</attwidth><atprecis Sync="TRUE">0</atprecis><attscale Sync="TRUE">0</attscale></attr><attr><attrlabl Sync="TRUE">LINE3</attrlabl><attalias Sync="TRUE">LINE3</attalias><attrtype Sync="TRUE">String</attrtype><attwidth Sync="TRUE">32</attwidth><atprecis Sync="TRUE">0</atprecis><attscale Sync="TRUE">0</attscale></attr><attr><attrlabl Sync="TRUE">DESCRIPTIO</attrlabl><attalias Sync="TRUE">DESCRIPTIO</attalias><attrtype Sync="TRUE">String</attrtype><attwidth Sync="TRUE">98</attwidth><atprecis Sync="TRUE">0</atprecis><attscale Sync="TRUE">0</attscale></attr><attr><attrlabl Sync="TRUE">MAP_SYMBOL</attrlabl><attalias Sync="TRUE">MAP_SYMBOL</attalias><attrtype Sync="TRUE">String</attrtype><attwidth Sync="TRUE">20</attwidth><atprecis Sync="TRUE">0</atprecis><attscale Sync="TRUE">0</attscale></attr><attr><attrlabl Sync="TRUE">SHAPE_STAr</attrlabl><attalias Sync="TRUE">SHAPE_STAr</attalias><attrtype Sync="TRUE">Double</attrtype><attwidth Sync="TRUE">19</attwidth><atprecis Sync="TRUE">0</atprecis><attscale Sync="TRUE">0</attscale></attr><attr><attrlabl Sync="TRUE">SHAPE_STLe</attrlabl><attalias Sync="TRUE">SHAPE_STLe</attalias><attrtype Sync="TRUE">Double</attrtype><attwidth Sync="TRUE">19</attwidth><atprecis Sync="TRUE">0</atprecis><attscale Sync="TRUE">0</attscale></attr></detailed></eainfo><mdDateSt Sync="TRUE">20231020</mdDateSt></metadata>
